Workbook

Sheet Dashboard
B1: Enrollment Funnel Dashboard
B2: SYNTHETIC DATA (portfolio project) | Snapshot: 30-Aug-2026 | Only records flagged OK in Data_Quality are counted | Recent weeks are immature: later-stage conversions have not happened yet
B4: Total leads | C4: Contacted % | D4: Applications | E4: Admitted | F4: Enrolled | G4: Lead → Enrolled % | H4: Avg days to 1st contact
B5: =C9 -> 1593 | C5: =E10 -> 0.91274325 | D5: =C11 -> 284 | E5: =C12 -> 217 | F5: =C13 -> 117 | G5: =D13 -> 0.073446328 | H5: =IFERROR(AVERAGEIFS(Data!$M$2:$M$5000,Data!$N$2:$N$5000,"OK"),0) -> 1.5735901
B7: 1) ENROLLMENT FUNNEL
B8: Stage | C8: Count | D8: % of all leads | E8: vs previous stage
B9: Leads | C9: =COUNTIFS(Data!$N$2:$N$5000,"OK") -> 1593 | D9: =IFERROR(C9/$C$9,0) -> 1
B10: Contacted | C10: =COUNTIFS(Data!$N$2:$N$5000,"OK",Data!$G$2:$G$5000,"<>") -> 1454 | D10: =IFERROR(C10/$C$9,0) -> 0.91274325 | E10: =IFERROR(C10/C9,0) -> 0.91274325
B11: Applied | C11: =COUNTIFS(Data!$N$2:$N$5000,"OK",Data!$H$2:$H$5000,"<>") -> 284 | D11: =IFERROR(C11/$C$9,0) -> 0.17827997 | E11: =IFERROR(C11/C10,0) -> 0.19532325
B12: Admitted | C12: =COUNTIFS(Data!$N$2:$N$5000,"OK",Data!$I$2:$I$5000,"<>") -> 217 | D12: =IFERROR(C12/$C$9,0) -> 0.13622097 | E12: =IFERROR(C12/C11,0) -> 0.76408451
B13: Enrolled | C13: =COUNTIFS(Data!$N$2:$N$5000,"OK",Data!$J$2:$J$5000,"<>") -> 117 | D13: =IFERROR(C13/$C$9,0) -> 0.073446328 | E13: =IFERROR(C13/C12,0) -> 0.53917051
B15: 2) CONVERSION BY LEAD SOURCE (sorted by Lead → Enrolled)
B16: Source | C16: Leads | D16: Applications | E16: Enrolled | F16: Lead → App % | G16: App → Enrolled % | H16: Lead → Enrolled % | I16: Avg days to 1st contact
B17: Walk-in | C17: =COUNTIFS(Data!$N$2:$N$5000,"OK",Data!$C$2:$C$5000,$B17) -> 111 | D17: =COUNTIFS(Data!$N$2:$N$5000,"OK",Data!$C$2:$C$5000,$B17,Data!$H$2:$H$5000,"<>") -> 42 | E17: =COUNTIFS(Data!$N$2:$N$5000,"OK",Data!$C$2:$C$5000,$B17,Data!$J$2:$J$5000,"<>") -> 17 | F17: =IFERROR(D17/C17,0) -> 0.37837838 | G17: =IFERROR(E17/D17,0) -> 0.4047619 | H17: =IFERROR(E17/C17,0) -> 0.15315315 | I17: =IFERROR(AVERAGEIFS(Data!$M$2:$M$5000,Data!$N$2:$N$5000,"OK",Data!$C$2:$C$5000,$B17),0) -> 1.6132075
B18: Referral | C18: =COUNTIFS(Data!$N$2:$N$5000,"OK",Data!$C$2:$C$5000,$B18) -> 196 | D18: =COUNTIFS(Data!$N$2:$N$5000,"OK",Data!$C$2:$C$5000,$B18,Data!$H$2:$H$5000,"<>") -> 56 | E18: =COUNTIFS(Data!$N$2:$N$5000,"OK",Data!$C$2:$C$5000,$B18,Data!$J$2:$J$5000,"<>") -> 29 | F18: =IFERROR(D18/C18,0) -> 0.28571429 | G18: =IFERROR(E18/D18,0) -> 0.51785714 | H18: =IFERROR(E18/C18,0) -> 0.14795918 | I18: =IFERROR(AVERAGEIFS(Data!$M$2:$M$5000,Data!$N$2:$N$5000,"OK",Data!$C$2:$C$5000,$B18),0) -> 1.519774
B19: School Visit | C19: =COUNTIFS(Data!$N$2:$N$5000,"OK",Data!$C$2:$C$5000,$B19) -> 251 | D19: =COUNTIFS(Data!$N$2:$N$5000,"OK",Data!$C$2:$C$5000,$B19,Data!$H$2:$H$5000,"<>") -> 54 | E19: =COUNTIFS(Data!$N$2:$N$5000,"OK",Data!$C$2:$C$5000,$B19,Data!$J$2:$J$5000,"<>") -> 20 | F19: =IFERROR(D19/C19,0) -> 0.21513944 | G19: =IFERROR(E19/D19,0) -> 0.37037037 | H19: =IFERROR(E19/C19,0) -> 0.079681275 | I19: =IFERROR(AVERAGEIFS(Data!$M$2:$M$5000,Data!$N$2:$N$5000,"OK",Data!$C$2:$C$5000,$B19),0) -> 1.6371308
B20: Education Fair | C20: =COUNTIFS(Data!$N$2:$N$5000,"OK",Data!$C$2:$C$5000,$B20) -> 145 | D20: =COUNTIFS(Data!$N$2:$N$5000,"OK",Data!$C$2:$C$5000,$B20,Data!$H$2:$H$5000,"<>") -> 30 | E20: =COUNTIFS(Data!$N$2:$N$5000,"OK",Data!$C$2:$C$5000,$B20,Data!$J$2:$J$5000,"<>") -> 11 | F20: =IFERROR(D20/C20,0) -> 0.20689655 | G20: =IFERROR(E20/D20,0) -> 0.36666667 | H20: =IFERROR(E20/C20,0) -> 0.075862069 | I20: =IFERROR(AVERAGEIFS(Data!$M$2:$M$5000,Data!$N$2:$N$5000,"OK",Data!$C$2:$C$5000,$B20),0) -> 1.7122302
B21: Google Ads | C21: =COUNTIFS(Data!$N$2:$N$5000,"OK",Data!$C$2:$C$5000,$B21) -> 253 | D21: =COUNTIFS(Data!$N$2:$N$5000,"OK",Data!$C$2:$C$5000,$B21,Data!$H$2:$H$5000,"<>") -> 28 | E21: =COUNTIFS(Data!$N$2:$N$5000,"OK",Data!$C$2:$C$5000,$B21,Data!$J$2:$J$5000,"<>") -> 14 | F21: =IFERROR(D21/C21,0) -> 0.11067194 | G21: =IFERROR(E21/D21,0) -> 0.5 | H21: =IFERROR(E21/C21,0) -> 0.055335968 | I21: =IFERROR(AVERAGEIFS(Data!$M$2:$M$5000,Data!$N$2:$N$5000,"OK",Data!$C$2:$C$5000,$B21),0) -> 1.4808511
B22: Meta Ads | C22: =COUNTIFS(Data!$N$2:$N$5000,"OK",Data!$C$2:$C$5000,$B22) -> 434 | D22: =COUNTIFS(Data!$N$2:$N$5000,"OK",Data!$C$2:$C$5000,$B22,Data!$H$2:$H$5000,"<>") -> 49 | E22: =COUNTIFS(Data!$N$2:$N$5000,"OK",Data!$C$2:$C$5000,$B22,Data!$J$2:$J$5000,"<>") -> 19 | F22: =IFERROR(D22/C22,0) -> 0.11290323 | G22: =IFERROR(E22/D22,0) -> 0.3877551 | H22: =IFERROR(E22/C22,0) -> 0.043778802 | I22: =IFERROR(AVERAGEIFS(Data!$M$2:$M$5000,Data!$N$2:$N$5000,"OK",Data!$C$2:$C$5000,$B22),0) -> 1.4123989
B23: Website Organic | C23: =COUNTIFS(Data!$N$2:$N$5000,"OK",Data!$C$2:$C$5000,$B23) -> 203 | D23: =COUNTIFS(Data!$N$2:$N$5000,"OK",Data!$C$2:$C$5000,$B23,Data!$H$2:$H$5000,"<>") -> 25 | E23: =COUNTIFS(Data!$N$2:$N$5000,"OK",Data!$C$2:$C$5000,$B23,Data!$J$2:$J$5000,"<>") -> 7 | F23: =IFERROR(D23/C23,0) -> 0.12315271 | G23: =IFERROR(E23/D23,0) -> 0.28 | H23: =IFERROR(E23/C23,0) -> 0.034482759 | I23: =IFERROR(AVERAGEIFS(Data!$M$2:$M$5000,Data!$N$2:$N$5000,"OK",Data!$C$2:$C$5000,$B23),0) -> 1.8518519
B24: All sources | C24: =SUM(C17:C23) -> 1593 | D24: =SUM(D17:D23) -> 284 | E24: =SUM(E17:E23) -> 117 | F24: =IFERROR(D24/C24,0) -> 0.17827997 | G24: =IFERROR(E24/D24,0) -> 0.41197183 | H24: =IFERROR(E24/C24,0) -> 0.073446328 | I24: =IFERROR(AVERAGEIFS(Data!$M$2:$M$5000,Data!$N$2:$N$5000,"OK"),0) -> 1.5735901
B26: 3) CONVERSION BY PROGRAM (sorted by Lead → Enrolled)
B27: Program | C27: Leads | D27: Applications | E27: Admitted | F27: Enrolled | G27: Lead → App % | H27: App → Admit % | I27: Lead → Enrolled %
B28: Computer Science | C28: =COUNTIFS(Data!$N$2:$N$5000,"OK",Data!$D$2:$D$5000,$B28) -> 376 | D28: =COUNTIFS(Data!$N$2:$N$5000,"OK",Data!$D$2:$D$5000,$B28,Data!$H$2:$H$5000,"<>") -> 76 | E28: =COUNTIFS(Data!$N$2:$N$5000,"OK",Data!$D$2:$D$5000,$B28,Data!$I$2:$I$5000,"<>") -> 59 | F28: =COUNTIFS(Data!$N$2:$N$5000,"OK",Data!$D$2:$D$5000,$B28,Data!$J$2:$J$5000,"<>") -> 33 | G28: =IFERROR(D28/C28,0) -> 0.20212766 | H28: =IFERROR(E28/D28,0) -> 0.77631579 | I28: =IFERROR(F28/C28,0) -> 0.087765957
B29: Business Administration | C29: =COUNTIFS(Data!$N$2:$N$5000,"OK",Data!$D$2:$D$5000,$B29) -> 390 | D29: =COUNTIFS(Data!$N$2:$N$5000,"OK",Data!$D$2:$D$5000,$B29,Data!$H$2:$H$5000,"<>") -> 69 | E29: =COUNTIFS(Data!$N$2:$N$5000,"OK",Data!$D$2:$D$5000,$B29,Data!$I$2:$I$5000,"<>") -> 60 | F29: =COUNTIFS(Data!$N$2:$N$5000,"OK",Data!$D$2:$D$5000,$B29,Data!$J$2:$J$5000,"<>") -> 33 | G29: =IFERROR(D29/C29,0) -> 0.17692308 | H29: =IFERROR(E29/D29,0) -> 0.86956522 | I29: =IFERROR(F29/C29,0) -> 0.084615385
B30: Mass Communication | C30: =COUNTIFS(Data!$N$2:$N$5000,"OK",Data!$D$2:$D$5000,$B30) -> 203 | D30: =COUNTIFS(Data!$N$2:$N$5000,"OK",Data!$D$2:$D$5000,$B30,Data!$H$2:$H$5000,"<>") -> 40 | E30: =COUNTIFS(Data!$N$2:$N$5000,"OK",Data!$D$2:$D$5000,$B30,Data!$I$2:$I$5000,"<>") -> 28 | F30: =COUNTIFS(Data!$N$2:$N$5000,"OK",Data!$D$2:$D$5000,$B30,Data!$J$2:$J$5000,"<>") -> 15 | G30: =IFERROR(D30/C30,0) -> 0.19704433 | H30: =IFERROR(E30/D30,0) -> 0.7 | I30: =IFERROR(F30/C30,0) -> 0.073891626
B31: Health Sciences | C31: =COUNTIFS(Data!$N$2:$N$5000,"OK",Data!$D$2:$D$5000,$B31) -> 235 | D31: =COUNTIFS(Data!$N$2:$N$5000,"OK",Data!$D$2:$D$5000,$B31,Data!$H$2:$H$5000,"<>") -> 37 | E31: =COUNTIFS(Data!$N$2:$N$5000,"OK",Data!$D$2:$D$5000,$B31,Data!$I$2:$I$5000,"<>") -> 24 | F31: =COUNTIFS(Data!$N$2:$N$5000,"OK",Data!$D$2:$D$5000,$B31,Data!$J$2:$J$5000,"<>") -> 14 | G31: =IFERROR(D31/C31,0) -> 0.15744681 | H31: =IFERROR(E31/D31,0) -> 0.64864865 | I31: =IFERROR(F31/C31,0) -> 0.059574468
B32: Engineering | C32: =COUNTIFS(Data!$N$2:$N$5000,"OK",Data!$D$2:$D$5000,$B32) -> 389 | D32: =COUNTIFS(Data!$N$2:$N$5000,"OK",Data!$D$2:$D$5000,$B32,Data!$H$2:$H$5000,"<>") -> 62 | E32: =COUNTIFS(Data!$N$2:$N$5000,"OK",Data!$D$2:$D$5000,$B32,Data!$I$2:$I$5000,"<>") -> 46 | F32: =COUNTIFS(Data!$N$2:$N$5000,"OK",Data!$D$2:$D$5000,$B32,Data!$J$2:$J$5000,"<>") -> 22 | G32: =IFERROR(D32/C32,0) -> 0.15938303 | H32: =IFERROR(E32/D32,0) -> 0.74193548 | I32: =IFERROR(F32/C32,0) -> 0.05655527
B34: 4) FOLLOW-UP PERFORMANCE BY COUNSELOR
B35: Counselor | C35: Leads | D35: Avg days to 1st contact | E35: Avg follow-ups | F35: Lead → App % | G35: Lead → Enrolled %
B36: Counselor A | C36: =COUNTIFS(Data!$N$2:$N$5000,"OK",Data!$F$2:$F$5000,$B36) -> 253 | D36: =IFERROR(AVERAGEIFS(Data!$M$2:$M$5000,Data!$N$2:$N$5000,"OK",Data!$F$2:$F$5000,$B36),0) -> 0.45493562 | E36: =IFERROR(AVERAGEIFS(Data!$K$2:$K$5000,Data!$N$2:$N$5000,"OK",Data!$F$2:$F$5000,$B36,Data!$G$2:$G$5000,"<>"),0) -> 2.8497854 | F36: =IFERROR(COUNTIFS(Data!$N$2:$N$5000,"OK",Data!$F$2:$F$5000,$B36,Data!$H$2:$H$5000,"<>")/C36,0) -> 0.18181818 | G36: =IFERROR(COUNTIFS(Data!$N$2:$N$5000,"OK",Data!$F$2:$F$5000,$B36,Data!$J$2:$J$5000,"<>")/C36,0) -> 0.079051383
B37: Counselor B | C37: =COUNTIFS(Data!$N$2:$N$5000,"OK",Data!$F$2:$F$5000,$B37) -> 277 | D37: =IFERROR(AVERAGEIFS(Data!$M$2:$M$5000,Data!$N$2:$N$5000,"OK",Data!$F$2:$F$5000,$B37),0) -> 1.0039526 | E37: =IFERROR(AVERAGEIFS(Data!$K$2:$K$5000,Data!$N$2:$N$5000,"OK",Data!$F$2:$F$5000,$B37,Data!$G$2:$G$5000,"<>"),0) -> 2.8932806 | F37: =IFERROR(COUNTIFS(Data!$N$2:$N$5000,"OK",Data!$F$2:$F$5000,$B37,Data!$H$2:$H$5000,"<>")/C37,0) -> 0.20216606 | G37: =IFERROR(COUNTIFS(Data!$N$2:$N$5000,"OK",Data!$F$2:$F$5000,$B37,Data!$J$2:$J$5000,"<>")/C37,0) -> 0.11191336
B38: Counselor C | C38: =COUNTIFS(Data!$N$2:$N$5000,"OK",Data!$F$2:$F$5000,$B38) -> 323 | D38: =IFERROR(AVERAGEIFS(Data!$M$2:$M$5000,Data!$N$2:$N$5000,"OK",Data!$F$2:$F$5000,$B38),0) -> 1.2785235 | E38: =IFERROR(AVERAGEIFS(Data!$K$2:$K$5000,Data!$N$2:$N$5000,"OK",Data!$F$2:$F$5000,$B38,Data!$G$2:$G$5000,"<>"),0) -> 2.8053691 | F38: =IFERROR(COUNTIFS(Data!$N$2:$N$5000,"OK",Data!$F$2:$F$5000,$B38,Data!$H$2:$H$5000,"<>")/C38,0) -> 0.16408669 | G38: =IFERROR(COUNTIFS(Data!$N$2:$N$5000,"OK",Data!$F$2:$F$5000,$B38,Data!$J$2:$J$5000,"<>")/C38,0) -> 0.055727554
B39: Counselor D | C39: =COUNTIFS(Data!$N$2:$N$5000,"OK",Data!$F$2:$F$5000,$B39) -> 246 | D39: =IFERROR(AVERAGEIFS(Data!$M$2:$M$5000,Data!$N$2:$N$5000,"OK",Data!$F$2:$F$5000,$B39),0) -> 2 | E39: =IFERROR(AVERAGEIFS(Data!$K$2:$K$5000,Data!$N$2:$N$5000,"OK",Data!$F$2:$F$5000,$B39,Data!$G$2:$G$5000,"<>"),0) -> 2.8 | F39: =IFERROR(COUNTIFS(Data!$N$2:$N$5000,"OK",Data!$F$2:$F$5000,$B39,Data!$H$2:$H$5000,"<>")/C39,0) -> 0.19918699 | G39: =IFERROR(COUNTIFS(Data!$N$2:$N$5000,"OK",Data!$F$2:$F$5000,$B39,Data!$J$2:$J$5000,"<>")/C39,0) -> 0.089430894
B40: Counselor E | C40: =COUNTIFS(Data!$N$2:$N$5000,"OK",Data!$F$2:$F$5000,$B40) -> 240 | D40: =IFERROR(AVERAGEIFS(Data!$M$2:$M$5000,Data!$N$2:$N$5000,"OK",Data!$F$2:$F$5000,$B40),0) -> 3.0900474 | E40: =IFERROR(AVERAGEIFS(Data!$K$2:$K$5000,Data!$N$2:$N$5000,"OK",Data!$F$2:$F$5000,$B40,Data!$G$2:$G$5000,"<>"),0) -> 2.8862559 | F40: =IFERROR(COUNTIFS(Data!$N$2:$N$5000,"OK",Data!$F$2:$F$5000,$B40,Data!$H$2:$H$5000,"<>")/C40,0) -> 0.17083333 | G40: =IFERROR(COUNTIFS(Data!$N$2:$N$5000,"OK",Data!$F$2:$F$5000,$B40,Data!$J$2:$J$5000,"<>")/C40,0) -> 0.054166667
B41: Counselor F | C41: =COUNTIFS(Data!$N$2:$N$5000,"OK",Data!$F$2:$F$5000,$B41) -> 254 | D41: =IFERROR(AVERAGEIFS(Data!$M$2:$M$5000,Data!$N$2:$N$5000,"OK",Data!$F$2:$F$5000,$B41),0) -> 1.8995633 | E41: =IFERROR(AVERAGEIFS(Data!$K$2:$K$5000,Data!$N$2:$N$5000,"OK",Data!$F$2:$F$5000,$B41,Data!$G$2:$G$5000,"<>"),0) -> 2.6550218 | F41: =IFERROR(COUNTIFS(Data!$N$2:$N$5000,"OK",Data!$F$2:$F$5000,$B41,Data!$H$2:$H$5000,"<>")/C41,0) -> 0.15354331 | G41: =IFERROR(COUNTIFS(Data!$N$2:$N$5000,"OK",Data!$F$2:$F$5000,$B41,Data!$J$2:$J$5000,"<>")/C41,0) -> 0.051181102
B43: 5) SPEED-TO-CONTACT EFFECT
B44: First contact | C44: Leads | D44: Applications | E44: Lead → App % | F44: Enrolled | G44: Lead → Enrolled %
B45: Within 2 days | C45: =COUNTIFS(Data!$N$2:$N$5000,"OK",Data!$M$2:$M$5000,"<=2") -> 1153 | D45: =COUNTIFS(Data!$N$2:$N$5000,"OK",Data!$M$2:$M$5000,"<=2",Data!$H$2:$H$5000,"<>") -> 238 | E45: =IFERROR(D45/C45,0) -> 0.20641804 | F45: =COUNTIFS(Data!$N$2:$N$5000,"OK",Data!$M$2:$M$5000,"<=2",Data!$J$2:$J$5000,"<>") -> 98 | G45: =IFERROR(F45/C45,0) -> 0.084995663
B46: More than 2 days | C46: =COUNTIFS(Data!$N$2:$N$5000,"OK",Data!$M$2:$M$5000,">2") -> 301 | D46: =COUNTIFS(Data!$N$2:$N$5000,"OK",Data!$M$2:$M$5000,">2",Data!$H$2:$H$5000,"<>") -> 46 | E46: =IFERROR(D46/C46,0) -> 0.15282392 | F46: =COUNTIFS(Data!$N$2:$N$5000,"OK",Data!$M$2:$M$5000,">2",Data!$J$2:$J$5000,"<>") -> 19 | G46: =IFERROR(F46/C46,0) -> 0.063122924
B48: 6) KEY INSIGHTS (auto-generated from the tables above)
B49: ="Source quality: "&INDEX($B$17:$B$23,MATCH(MAX($H$17:$H$23),$H$17:$H$23,0))&" converts "&TEXT(MAX($H$17:$H$23),"0.0%")&" of leads to enrollment vs "&TEXT(MIN($H$17:$H$23),"0.0%")&" for "&INDEX($B$17:$B$23,MATCH(MIN($H$17:$H$23),$H$17:$H$23,0))&". Prioritise counselor follow-up on high-converting sources and review spend on the weakest." -> Source quality: Walk-in converts 15.3% of leads to enrollment vs 3.4% for Website Organic. Prioritise counselor follow-up on high-converting sources and review spend on the weakest.
B50: ="Volume vs yield: the largest source is "&INDEX($B$17:$B$23,MATCH(MAX($C$17:$C$23),$C$17:$C$23,0))&" ("&TEXT(MAX($C$17:$C$23),"#,##0")&" leads) but it converts at "&TEXT(INDEX($H$17:$H$23,MATCH(MAX($C$17:$C$23),$C$17:$C$23,0)),"0.0%")&" vs "&TEXT($H$24,"0.0%")&" overall." -> Volume vs yield: the largest source is Meta Ads (434 leads) but it converts at 4.4% vs 7.3% overall.
B51: ="Speed matters: leads contacted within 2 days apply at "&TEXT($E$45,"0.0%")&" vs "&TEXT($E$46,"0.0%")&" when contact takes longer." -> Speed matters: leads contacted within 2 days apply at 20.6% vs 15.3% when contact takes longer.
B52: ="Counselor follow-up: fastest average first contact is "&INDEX($B$36:$B$41,MATCH(MIN($D$36:$D$41),$D$36:$D$41,0))&" ("&TEXT(MIN($D$36:$D$41),"0.0")&" days) vs slowest "&INDEX($B$36:$B$41,MATCH(MAX($D$36:$D$41),$D$36:$D$41,0))&" ("&TEXT(MAX($D$36:$D$41),"0.0")&" days)." -> Counselor follow-up: fastest average first contact is Counselor A (0.5 days) vs slowest Counselor E (3.1 days).
B53: ="Programs: "&INDEX($B$28:$B$32,MATCH(MAX($I$28:$I$32),$I$28:$I$32,0))&" has the highest lead-to-enrolled rate ("&TEXT(MAX($I$28:$I$32),"0.0%")&"); "&INDEX($B$28:$B$32,MATCH(MIN($I$28:$I$32),$I$28:$I$32,0))&" the lowest ("&TEXT(MIN($I$28:$I$32),"0.0%")&")." -> Programs: Computer Science has the highest lead-to-enrolled rate (8.8%); Engineering the lowest (5.7%).
B54: ="Data accuracy: "&TEXT(Data_Quality!$B$7,"#,##0")&" of "&TEXT(Data_Quality!$B$8,"#,##0")&" raw records were excluded (duplicates, missing source, date errors) - see Data_Quality." -> Data accuracy: 12 of 1,605 raw records were excluded (duplicates, missing source, date errors) - see Data_Quality.

Sheet Weekly
A1: Week # | B1: Week start (Mon) | C1: Leads | D1: Applications | E1: Enrolled | F1: Forecast: Leads | G1: Forecast: Applications
A2: 1 | B2: 46083 | C2: =COUNTIFS(Data!$N$2:$N$5000,"OK",Data!$B$2:$B$5000,">="&$B2,Data!$B$2:$B$5000,"<"&$B2+7) -> 26 | D2: =COUNTIFS(Data!$N$2:$N$5000,"OK",Data!$H$2:$H$5000,">="&$B2,Data!$H$2:$H$5000,"<"&$B2+7) -> 0 | E2: =COUNTIFS(Data!$N$2:$N$5000,"OK",Data!$J$2:$J$5000,">="&$B2,Data!$J$2:$J$5000,"<"&$B2+7) -> 0
A3: 2 | B3: =B2+7 -> 46090 | C3: =COUNTIFS(Data!$N$2:$N$5000,"OK",Data!$B$2:$B$5000,">="&$B3,Data!$B$2:$B$5000,"<"&$B3+7) -> 25 | D3: =COUNTIFS(Data!$N$2:$N$5000,"OK",Data!$H$2:$H$5000,">="&$B3,Data!$H$2:$H$5000,"<"&$B3+7) -> 0 | E3: =COUNTIFS(Data!$N$2:$N$5000,"OK",Data!$J$2:$J$5000,">="&$B3,Data!$J$2:$J$5000,"<"&$B3+7) -> 0
A4: 3 | B4: =B3+7 -> 46097 | C4: =COUNTIFS(Data!$N$2:$N$5000,"OK",Data!$B$2:$B$5000,">="&$B4,Data!$B$2:$B$5000,"<"&$B4+7) -> 26 | D4: =COUNTIFS(Data!$N$2:$N$5000,"OK",Data!$H$2:$H$5000,">="&$B4,Data!$H$2:$H$5000,"<"&$B4+7) -> 2 | E4: =COUNTIFS(Data!$N$2:$N$5000,"OK",Data!$J$2:$J$5000,">="&$B4,Data!$J$2:$J$5000,"<"&$B4+7) -> 0
A5: 4 | B5: =B4+7 -> 46104 | C5: =COUNTIFS(Data!$N$2:$N$5000,"OK",Data!$B$2:$B$5000,">="&$B5,Data!$B$2:$B$5000,"<"&$B5+7) -> 36 | D5: =COUNTIFS(Data!$N$2:$N$5000,"OK",Data!$H$2:$H$5000,">="&$B5,Data!$H$2:$H$5000,"<"&$B5+7) -> 2 | E5: =COUNTIFS(Data!$N$2:$N$5000,"OK",Data!$J$2:$J$5000,">="&$B5,Data!$J$2:$J$5000,"<"&$B5+7) -> 0
A6: 5 | B6: =B5+7 -> 46111 | C6: =COUNTIFS(Data!$N$2:$N$5000,"OK",Data!$B$2:$B$5000,">="&$B6,Data!$B$2:$B$5000,"<"&$B6+7) -> 47 | D6: =COUNTIFS(Data!$N$2:$N$5000,"OK",Data!$H$2:$H$5000,">="&$B6,Data!$H$2:$H$5000,"<"&$B6+7) -> 5 | E6: =COUNTIFS(Data!$N$2:$N$5000,"OK",Data!$J$2:$J$5000,">="&$B6,Data!$J$2:$J$5000,"<"&$B6+7) -> 0
A7: 6 | B7: =B6+7 -> 46118 | C7: =COUNTIFS(Data!$N$2:$N$5000,"OK",Data!$B$2:$B$5000,">="&$B7,Data!$B$2:$B$5000,"<"&$B7+7) -> 49 | D7: =COUNTIFS(Data!$N$2:$N$5000,"OK",Data!$H$2:$H$5000,">="&$B7,Data!$H$2:$H$5000,"<"&$B7+7) -> 7 | E7: =COUNTIFS(Data!$N$2:$N$5000,"OK",Data!$J$2:$J$5000,">="&$B7,Data!$J$2:$J$5000,"<"&$B7+7) -> 0
A8: 7 | B8: =B7+7 -> 46125 | C8: =COUNTIFS(Data!$N$2:$N$5000,"OK",Data!$B$2:$B$5000,">="&$B8,Data!$B$2:$B$5000,"<"&$B8+7) -> 49 | D8: =COUNTIFS(Data!$N$2:$N$5000,"OK",Data!$H$2:$H$5000,">="&$B8,Data!$H$2:$H$5000,"<"&$B8+7) -> 11 | E8: =COUNTIFS(Data!$N$2:$N$5000,"OK",Data!$J$2:$J$5000,">="&$B8,Data!$J$2:$J$5000,"<"&$B8+7) -> 0
A9: 8 | B9: =B8+7 -> 46132 | C9: =COUNTIFS(Data!$N$2:$N$5000,"OK",Data!$B$2:$B$5000,">="&$B9,Data!$B$2:$B$5000,"<"&$B9+7) -> 36 | D9: =COUNTIFS(Data!$N$2:$N$5000,"OK",Data!$H$2:$H$5000,">="&$B9,Data!$H$2:$H$5000,"<"&$B9+7) -> 9 | E9: =COUNTIFS(Data!$N$2:$N$5000,"OK",Data!$J$2:$J$5000,">="&$B9,Data!$J$2:$J$5000,"<"&$B9+7) -> 1
A10: 9 | B10: =B9+7 -> 46139 | C10: =COUNTIFS(Data!$N$2:$N$5000,"OK",Data!$B$2:$B$5000,">="&$B10,Data!$B$2:$B$5000,"<"&$B10+7) -> 61 | D10: =COUNTIFS(Data!$N$2:$N$5000,"OK",Data!$H$2:$H$5000,">="&$B10,Data!$H$2:$H$5000,"<"&$B10+7) -> 8 | E10: =COUNTIFS(Data!$N$2:$N$5000,"OK",Data!$J$2:$J$5000,">="&$B10,Data!$J$2:$J$5000,"<"&$B10+7) -> 2
A11: 10 | B11: =B10+7 -> 46146 | C11: =COUNTIFS(Data!$N$2:$N$5000,"OK",Data!$B$2:$B$5000,">="&$B11,Data!$B$2:$B$5000,"<"&$B11+7) -> 37 | D11: =COUNTIFS(Data!$N$2:$N$5000,"OK",Data!$H$2:$H$5000,">="&$B11,Data!$H$2:$H$5000,"<"&$B11+7) -> 5 | E11: =COUNTIFS(Data!$N$2:$N$5000,"OK",Data!$J$2:$J$5000,">="&$B11,Data!$J$2:$J$5000,"<"&$B11+7) -> 4
A12: 11 | B12: =B11+7 -> 46153 | C12: =COUNTIFS(Data!$N$2:$N$5000,"OK",Data!$B$2:$B$5000,">="&$B12,Data!$B$2:$B$5000,"<"&$B12+7) -> 52 | D12: =COUNTIFS(Data!$N$2:$N$5000,"OK",Data!$H$2:$H$5000,">="&$B12,Data!$H$2:$H$5000,"<"&$B12+7) -> 7 | E12: =COUNTIFS(Data!$N$2:$N$5000,"OK",Data!$J$2:$J$5000,">="&$B12,Data!$J$2:$J$5000,"<"&$B12+7) -> 7
A13: 12 | B13: =B12+7 -> 46160 | C13: =COUNTIFS(Data!$N$2:$N$5000,"OK",Data!$B$2:$B$5000,">="&$B13,Data!$B$2:$B$5000,"<"&$B13+7) -> 60 | D13: =COUNTIFS(Data!$N$2:$N$5000,"OK",Data!$H$2:$H$5000,">="&$B13,Data!$H$2:$H$5000,"<"&$B13+7) -> 10 | E13: =COUNTIFS(Data!$N$2:$N$5000,"OK",Data!$J$2:$J$5000,">="&$B13,Data!$J$2:$J$5000,"<"&$B13+7) -> 5
A14: 13 | B14: =B13+7 -> 46167 | C14: =COUNTIFS(Data!$N$2:$N$5000,"OK",Data!$B$2:$B$5000,">="&$B14,Data!$B$2:$B$5000,"<"&$B14+7) -> 55 | D14: =COUNTIFS(Data!$N$2:$N$5000,"OK",Data!$H$2:$H$5000,">="&$B14,Data!$H$2:$H$5000,"<"&$B14+7) -> 14 | E14: =COUNTIFS(Data!$N$2:$N$5000,"OK",Data!$J$2:$J$5000,">="&$B14,Data!$J$2:$J$5000,"<"&$B14+7) -> 4
... A26: 25 | B26: =B25+7 -> 46251 | C26: =COUNTIFS(Data!$N$2:$N$5000,"OK",Data!$B$2:$B$5000,">="&$B26,Data!$B$2:$B$5000,"<"&$B26+7) -> 98 | D26: =COUNTIFS(Data!$N$2:$N$5000,"OK",Data!$H$2:$H$5000,">="&$B26,Data!$H$2:$H$5000,"<"&$B26+7) -> 18 | E26: =COUNTIFS(Data!$N$2:$N$5000,"OK",Data!$J$2:$J$5000,">="&$B26,Data!$J$2:$J$5000,"<"&$B26+7) -> 10
A27: 26 | B27: =B26+7 -> 46258 | C27: =COUNTIFS(Data!$N$2:$N$5000,"OK",Data!$B$2:$B$5000,">="&$B27,Data!$B$2:$B$5000,"<"&$B27+7) -> 85 | D27: =COUNTIFS(Data!$N$2:$N$5000,"OK",Data!$H$2:$H$5000,">="&$B27,Data!$H$2:$H$5000,"<"&$B27+7) -> 17 | E27: =COUNTIFS(Data!$N$2:$N$5000,"OK",Data!$J$2:$J$5000,">="&$B27,Data!$J$2:$J$5000,"<"&$B27+7) -> 8 | F27: =C27 -> 85 | G27: =D27 -> 17
A28: 27 | B28: =B27+7 -> 46265 | F28: =ROUND(FORECAST($A28,$C$2:$C$27,$A$2:$A$27),0) -> 98 | G28: =ROUND(FORECAST($A28,$D$2:$D$27,$A$2:$A$27),0) -> 21
A29: 28 | B29: =B28+7 -> 46272 | F29: =ROUND(FORECAST($A29,$C$2:$C$27,$A$2:$A$27),0) -> 101 | G29: =ROUND(FORECAST($A29,$D$2:$D$27,$A$2:$A$27),0) -> 21
A30: 29 | B30: =B29+7 -> 46279 | F30: =ROUND(FORECAST($A30,$C$2:$C$27,$A$2:$A$27),0) -> 103 | G30: =ROUND(FORECAST($A30,$D$2:$D$27,$A$2:$A$27),0) -> 22
A31: 30 | B31: =B30+7 -> 46286 | F31: =ROUND(FORECAST($A31,$C$2:$C$27,$A$2:$A$27),0) -> 106 | G31: =ROUND(FORECAST($A31,$D$2:$D$27,$A$2:$A$27),0) -> 23
A34: Notes
A35: Blue = the one hardcoded input (first week start). All other cells are formulas on the Data sheet (valid records only).
A36: Leads counted by created_date; Applications by application_date; Enrolled by enroll_date, all within the Mon-Sun week.
A37: Forecast (grey rows) = naive linear trend (FORECAST) over the 26 weeks above. Illustrative only: it does not model seasonality or campaign calendars.
A38: The first forecast-column cell on the last actual week repeats the actual value so the chart line joins up.

Sheet Monthly
A1: Lead cohort (month created) | B1: Leads | C1: Contacted | D1: Applied | E1: Admitted | F1: Enrolled | G1: Lead → App % | H1: Lead → Enrolled %
A2: 46082 | B2: =COUNTIFS(Data!$N$2:$N$5000,"OK",Data!$B$2:$B$5000,">="&$A2,Data!$B$2:$B$5000,"<"&EDATE($A2,1)) -> 123 | C2: =COUNTIFS(Data!$N$2:$N$5000,"OK",Data!$B$2:$B$5000,">="&$A2,Data!$B$2:$B$5000,"<"&EDATE($A2,1),Data!$G$2:$G$5000,"<>") -> 111 | D2: =COUNTIFS(Data!$N$2:$N$5000,"OK",Data!$B$2:$B$5000,">="&$A2,Data!$B$2:$B$5000,"<"&EDATE($A2,1),Data!$H$2:$H$5000,"<>") -> 19 | E2: =COUNTIFS(Data!$N$2:$N$5000,"OK",Data!$B$2:$B$5000,">="&$A2,Data!$B$2:$B$5000,"<"&EDATE($A2,1),Data!$I$2:$I$5000,"<>") -> 15 | F2: =COUNTIFS(Data!$N$2:$N$5000,"OK",Data!$B$2:$B$5000,">="&$A2,Data!$B$2:$B$5000,"<"&EDATE($A2,1),Data!$J$2:$J$5000,"<>") -> 10 | G2: =IFERROR(D2/B2,0) -> 0.15447154 | H2: =IFERROR(F2/B2,0) -> 0.081300813
A3: =EDATE(A2,1) -> 46113 | B3: =COUNTIFS(Data!$N$2:$N$5000,"OK",Data!$B$2:$B$5000,">="&$A3,Data!$B$2:$B$5000,"<"&EDATE($A3,1)) -> 203 | C3: =COUNTIFS(Data!$N$2:$N$5000,"OK",Data!$B$2:$B$5000,">="&$A3,Data!$B$2:$B$5000,"<"&EDATE($A3,1),Data!$G$2:$G$5000,"<>") -> 186 | D3: =COUNTIFS(Data!$N$2:$N$5000,"OK",Data!$B$2:$B$5000,">="&$A3,Data!$B$2:$B$5000,"<"&EDATE($A3,1),Data!$H$2:$H$5000,"<>") -> 38 | E3: =COUNTIFS(Data!$N$2:$N$5000,"OK",Data!$B$2:$B$5000,">="&$A3,Data!$B$2:$B$5000,"<"&EDATE($A3,1),Data!$I$2:$I$5000,"<>") -> 34 | F3: =COUNTIFS(Data!$N$2:$N$5000,"OK",Data!$B$2:$B$5000,">="&$A3,Data!$B$2:$B$5000,"<"&EDATE($A3,1),Data!$J$2:$J$5000,"<>") -> 24 | G3: =IFERROR(D3/B3,0) -> 0.18719212 | H3: =IFERROR(F3/B3,0) -> 0.1182266
A4: =EDATE(A3,1) -> 46143 | B4: =COUNTIFS(Data!$N$2:$N$5000,"OK",Data!$B$2:$B$5000,">="&$A4,Data!$B$2:$B$5000,"<"&EDATE($A4,1)) -> 233 | C4: =COUNTIFS(Data!$N$2:$N$5000,"OK",Data!$B$2:$B$5000,">="&$A4,Data!$B$2:$B$5000,"<"&EDATE($A4,1),Data!$G$2:$G$5000,"<>") -> 217 | D4: =COUNTIFS(Data!$N$2:$N$5000,"OK",Data!$B$2:$B$5000,">="&$A4,Data!$B$2:$B$5000,"<"&EDATE($A4,1),Data!$H$2:$H$5000,"<>") -> 52 | E4: =COUNTIFS(Data!$N$2:$N$5000,"OK",Data!$B$2:$B$5000,">="&$A4,Data!$B$2:$B$5000,"<"&EDATE($A4,1),Data!$I$2:$I$5000,"<>") -> 45 | F4: =COUNTIFS(Data!$N$2:$N$5000,"OK",Data!$B$2:$B$5000,">="&$A4,Data!$B$2:$B$5000,"<"&EDATE($A4,1),Data!$J$2:$J$5000,"<>") -> 29 | G4: =IFERROR(D4/B4,0) -> 0.22317597 | H4: =IFERROR(F4/B4,0) -> 0.12446352
A5: =EDATE(A4,1) -> 46174 | B5: =COUNTIFS(Data!$N$2:$N$5000,"OK",Data!$B$2:$B$5000,">="&$A5,Data!$B$2:$B$5000,"<"&EDATE($A5,1)) -> 298 | C5: =COUNTIFS(Data!$N$2:$N$5000,"OK",Data!$B$2:$B$5000,">="&$A5,Data!$B$2:$B$5000,"<"&EDATE($A5,1),Data!$G$2:$G$5000,"<>") -> 274 | D5: =COUNTIFS(Data!$N$2:$N$5000,"OK",Data!$B$2:$B$5000,">="&$A5,Data!$B$2:$B$5000,"<"&EDATE($A5,1),Data!$H$2:$H$5000,"<>") -> 63 | E5: =COUNTIFS(Data!$N$2:$N$5000,"OK",Data!$B$2:$B$5000,">="&$A5,Data!$B$2:$B$5000,"<"&EDATE($A5,1),Data!$I$2:$I$5000,"<>") -> 53 | F5: =COUNTIFS(Data!$N$2:$N$5000,"OK",Data!$B$2:$B$5000,">="&$A5,Data!$B$2:$B$5000,"<"&EDATE($A5,1),Data!$J$2:$J$5000,"<>") -> 35 | G5: =IFERROR(D5/B5,0) -> 0.2114094 | H5: =IFERROR(F5/B5,0) -> 0.11744966
A6: =EDATE(A5,1) -> 46204 | B6: =COUNTIFS(Data!$N$2:$N$5000,"OK",Data!$B$2:$B$5000,">="&$A6,Data!$B$2:$B$5000,"<"&EDATE($A6,1)) -> 360 | C6: =COUNTIFS(Data!$N$2:$N$5000,"OK",Data!$B$2:$B$5000,">="&$A6,Data!$B$2:$B$5000,"<"&EDATE($A6,1),Data!$G$2:$G$5000,"<>") -> 336 | D6: =COUNTIFS(Data!$N$2:$N$5000,"OK",Data!$B$2:$B$5000,">="&$A6,Data!$B$2:$B$5000,"<"&EDATE($A6,1),Data!$H$2:$H$5000,"<>") -> 80 | E6: =COUNTIFS(Data!$N$2:$N$5000,"OK",Data!$B$2:$B$5000,">="&$A6,Data!$B$2:$B$5000,"<"&EDATE($A6,1),Data!$I$2:$I$5000,"<>") -> 61 | F6: =COUNTIFS(Data!$N$2:$N$5000,"OK",Data!$B$2:$B$5000,">="&$A6,Data!$B$2:$B$5000,"<"&EDATE($A6,1),Data!$J$2:$J$5000,"<>") -> 19 | G6: =IFERROR(D6/B6,0) -> 0.22222222 | H6: =IFERROR(F6/B6,0) -> 0.052777778
A7: =EDATE(A6,1) -> 46235 | B7: =COUNTIFS(Data!$N$2:$N$5000,"OK",Data!$B$2:$B$5000,">="&$A7,Data!$B$2:$B$5000,"<"&EDATE($A7,1)) -> 376 | C7: =COUNTIFS(Data!$N$2:$N$5000,"OK",Data!$B$2:$B$5000,">="&$A7,Data!$B$2:$B$5000,"<"&EDATE($A7,1),Data!$G$2:$G$5000,"<>") -> 330 | D7: =COUNTIFS(Data!$N$2:$N$5000,"OK",Data!$B$2:$B$5000,">="&$A7,Data!$B$2:$B$5000,"<"&EDATE($A7,1),Data!$H$2:$H$5000,"<>") -> 32 | E7: =COUNTIFS(Data!$N$2:$N$5000,"OK",Data!$B$2:$B$5000,">="&$A7,Data!$B$2:$B$5000,"<"&EDATE($A7,1),Data!$I$2:$I$5000,"<>") -> 9 | F7: =COUNTIFS(Data!$N$2:$N$5000,"OK",Data!$B$2:$B$5000,">="&$A7,Data!$B$2:$B$5000,"<"&EDATE($A7,1),Data!$J$2:$J$5000,"<>") -> 0 | G7: =IFERROR(D7/B7,0) -> 0.085106383 | H7: =IFERROR(F7/B7,0) -> 0
A8: Total | B8: =SUM(B2:B7) -> 1593 | C8: =SUM(C2:C7) -> 1454 | D8: =SUM(D2:D7) -> 284 | E8: =SUM(E2:E7) -> 217 | F8: =SUM(F2:F7) -> 117 | G8: =IFERROR(D8/B8,0) -> 0.17827997 | H8: =IFERROR(F8/B8,0) -> 0.073446328
A10: Cohort view: each row follows the leads created in that month. Later cohorts look weaker because their applications/enrolments are still pending at the 30-Aug-2026 snapshot, not because quality dropped.
A11: Blue = hardcoded input (first month). Everything else is a formula on the Data sheet (valid records only).

Sheet Data
A1: lead_id | B1: created_date | C1: source | D1: program | E1: school_type | F1: counselor | G1: first_contact_date | H1: application_date | I1: admit_date | J1: enroll_date | K1: follow_ups | L1: stage | M1: days_to_first_contact | N1: dq_flag
A2: L1059 | B2: 46083 | C2: Google Ads | D2: Business Administration | E2: IGCSE | F2: Counselor C | G2: 46083 | K2: 6 | L2: =IF(J2<>"","Enrolled",IF(I2<>"","Admitted",IF(H2<>"","Applied",IF(G2<>"","Contacted","New")))) -> Contacted | M2: =IF(G2="","",G2-B2) -> 0 | N2: =IF(COUNTIF($A$2:A2,A2)>1,"Duplicate ID",IF(C2="","Missing source",IF(OR(AND(G2<>"",G2<B2),AND(H2<>"",H2<B2),AND(I2<>"",I2<H2),AND(J2<>"",J2<I2)),"Date error","OK"))) -> OK
A3: L1469 | B3: 46083 | C3: Meta Ads | D3: Computer Science | E3: Azhar/Other | F3: Counselor C | G3: 46084 | K3: 1 | L3: =IF(J3<>"","Enrolled",IF(I3<>"","Admitted",IF(H3<>"","Applied",IF(G3<>"","Contacted","New")))) -> Contacted | M3: =IF(G3="","",G3-B3) -> 1 | N3: =IF(COUNTIF($A$2:A3,A3)>1,"Duplicate ID",IF(C3="","Missing source",IF(OR(AND(G3<>"",G3<B3),AND(H3<>"",H3<B3),AND(I3<>"",I3<H3),AND(J3<>"",J3<I3)),"Date error","OK"))) -> OK
A4: L1487 | B4: 46083 | C4: Referral | D4: Business Administration | E4: IGCSE | F4: Counselor A | G4: 46083 | K4: 5 | L4: =IF(J4<>"","Enrolled",IF(I4<>"","Admitted",IF(H4<>"","Applied",IF(G4<>"","Contacted","New")))) -> Contacted | M4: =IF(G4="","",G4-B4) -> 0 | N4: =IF(COUNTIF($A$2:A4,A4)>1,"Duplicate ID",IF(C4="","Missing source",IF(OR(AND(G4<>"",G4<B4),AND(H4<>"",H4<B4),AND(I4<>"",I4<H4),AND(J4<>"",J4<I4)),"Date error","OK"))) -> OK
A5: L1944 | B5: 46083 | C5: Google Ads | D5: Computer Science | E5: IB | F5: Counselor C | G5: 46085 | K5: 3 | L5: =IF(J5<>"","Enrolled",IF(I5<>"","Admitted",IF(H5<>"","Applied",IF(G5<>"","Contacted","New")))) -> Contacted | M5: =IF(G5="","",G5-B5) -> 2 | N5: =IF(COUNTIF($A$2:A5,A5)>1,"Duplicate ID",IF(C5="","Missing source",IF(OR(AND(G5<>"",G5<B5),AND(H5<>"",H5<B5),AND(I5<>"",I5<H5),AND(J5<>"",J5<I5)),"Date error","OK"))) -> OK
A6: L2482 | B6: 46083 | C6: Meta Ads | D6: Business Administration | E6: IB | F6: Counselor F | G6: 46085 | K6: 3 | L6: =IF(J6<>"","Enrolled",IF(I6<>"","Admitted",IF(H6<>"","Applied",IF(G6<>"","Contacted","New")))) -> Contacted | M6: =IF(G6="","",G6-B6) -> 2 | N6: =IF(COUNTIF($A$2:A6,A6)>1,"Duplicate ID",IF(C6="","Missing source",IF(OR(AND(G6<>"",G6<B6),AND(H6<>"",H6<B6),AND(I6<>"",I6<H6),AND(J6<>"",J6<I6)),"Date error","OK"))) -> OK
A7: L1734 | B7: 46084 | C7: Website Organic | D7: Business Administration | E7: IB | F7: Counselor A | G7: 46084 | K7: 4 | L7: =IF(J7<>"","Enrolled",IF(I7<>"","Admitted",IF(H7<>"","Applied",IF(G7<>"","Contacted","New")))) -> Contacted | M7: =IF(G7="","",G7-B7) -> 0 | N7: =IF(COUNTIF($A$2:A7,A7)>1,"Duplicate ID",IF(C7="","Missing source",IF(OR(AND(G7<>"",G7<B7),AND(H7<>"",H7<B7),AND(I7<>"",I7<H7),AND(J7<>"",J7<I7)),"Date error","OK"))) -> OK
A8: L2010 | B8: 46084 | C8: Meta Ads | D8: Business Administration | E8: IGCSE | F8: Counselor F | K8: 0 | L8: =IF(J8<>"","Enrolled",IF(I8<>"","Admitted",IF(H8<>"","Applied",IF(G8<>"","Contacted","New")))) -> New | M8: =IF(G8="","",G8-B8) | N8: =IF(COUNTIF($A$2:A8,A8)>1,"Duplicate ID",IF(C8="","Missing source",IF(OR(AND(G8<>"",G8<B8),AND(H8<>"",H8<B8),AND(I8<>"",I8<H8),AND(J8<>"",J8<I8)),"Date error","OK"))) -> OK
A9: L2164 | B9: 46084 | C9: School Visit | D9: Computer Science | E9: National (Thanaweya Amma) | F9: Counselor C | G9: 46084 | K9: 3 | L9: =IF(J9<>"","Enrolled",IF(I9<>"","Admitted",IF(H9<>"","Applied",IF(G9<>"","Contacted","New")))) -> Contacted | M9: =IF(G9="","",G9-B9) -> 0 | N9: =IF(COUNTIF($A$2:A9,A9)>1,"Duplicate ID",IF(C9="","Missing source",IF(OR(AND(G9<>"",G9<B9),AND(H9<>"",H9<B9),AND(I9<>"",I9<H9),AND(J9<>"",J9<I9)),"Date error","OK"))) -> OK
A10: L2207 | B10: 46084 | C10: Website Organic | D10: Engineering | E10: National (Thanaweya Amma) | F10: Counselor A | G10: 46084 | K10: 4 | L10: =IF(J10<>"","Enrolled",IF(I10<>"","Admitted",IF(H10<>"","Applied",IF(G10<>"","Contacted","New")))) -> Contacted | M10: =IF(G10="","",G10-B10) -> 0 | N10: =IF(COUNTIF($A$2:A10,A10)>1,"Duplicate ID",IF(C10="","Missing source",IF(OR(AND(G10<>"",G10<B10),AND(H10<>"",H10<B10),AND(I10<>"",I10<H10),AND(J10<>"",J10<I10)),"Date error","OK"))) -> OK
A11: L2570 | B11: 46084 | C11: School Visit | D11: Business Administration | E11: National (Thanaweya Amma) | F11: Counselor B | G11: 46084 | K11: 5 | L11: =IF(J11<>"","Enrolled",IF(I11<>"","Admitted",IF(H11<>"","Applied",IF(G11<>"","Contacted","New")))) -> Contacted | M11: =IF(G11="","",G11-B11) -> 0 | N11: =IF(COUNTIF($A$2:A11,A11)>1,"Duplicate ID",IF(C11="","Missing source",IF(OR(AND(G11<>"",G11<B11),AND(H11<>"",H11<B11),AND(I11<>"",I11<H11),AND(J11<>"",J11<I11)),"Date error","OK"))) -> OK
A12: L1421 | B12: 46085 | C12: Walk-in | D12: Engineering | E12: IGCSE | F12: Counselor C | G12: 46085 | K12: 7 | L12: =IF(J12<>"","Enrolled",IF(I12<>"","Admitted",IF(H12<>"","Applied",IF(G12<>"","Contacted","New")))) -> Contacted | M12: =IF(G12="","",G12-B12) -> 0 | N12: =IF(COUNTIF($A$2:A12,A12)>1,"Duplicate ID",IF(C12="","Missing source",IF(OR(AND(G12<>"",G12<B12),AND(H12<>"",H12<B12),AND(I12<>"",I12<H12),AND(J12<>"",J12<I12)),"Date error","OK"))) -> OK
A13: L2071 | B13: 46085 | C13: Referral | D13: Computer Science | E13: American Diploma | F13: Counselor E | G13: 46099 | K13: 5 | L13: =IF(J13<>"","Enrolled",IF(I13<>"","Admitted",IF(H13<>"","Applied",IF(G13<>"","Contacted","New")))) -> Contacted | M13: =IF(G13="","",G13-B13) -> 14 | N13: =IF(COUNTIF($A$2:A13,A13)>1,"Duplicate ID",IF(C13="","Missing source",IF(OR(AND(G13<>"",G13<B13),AND(H13<>"",H13<B13),AND(I13<>"",I13<H13),AND(J13<>"",J13<I13)),"Date error","OK"))) -> OK
A14: L1277 | B14: 46086 | C14: Google Ads | D14: Engineering | E14: IGCSE | F14: Counselor E | K14: 0 | L14: =IF(J14<>"","Enrolled",IF(I14<>"","Admitted",IF(H14<>"","Applied",IF(G14<>"","Contacted","New")))) -> New | M14: =IF(G14="","",G14-B14) | N14: =IF(COUNTIF($A$2:A14,A14)>1,"Duplicate ID",IF(C14="","Missing source",IF(OR(AND(G14<>"",G14<B14),AND(H14<>"",H14<B14),AND(I14<>"",I14<H14),AND(J14<>"",J14<I14)),"Date error","OK"))) -> OK
A15: L1676 | B15: 46086 | C15: Google Ads | D15: Engineering | E15: National (Thanaweya Amma) | F15: Counselor A | G15: 46087 | K15: 2 | L15: =IF(J15<>"","Enrolled",IF(I15<>"","Admitted",IF(H15<>"","Applied",IF(G15<>"","Contacted","New")))) -> Contacted | M15: =IF(G15="","",G15-B15) -> 1 | N15: =IF(COUNTIF($A$2:A15,A15)>1,"Duplicate ID",IF(C15="","Missing source",IF(OR(AND(G15<>"",G15<B15),AND(H15<>"",H15<B15),AND(I15<>"",I15<H15),AND(J15<>"",J15<I15)),"Date error","OK"))) -> OK
A16: L1815 | B16: 46086 | C16: Meta Ads | D16: Mass Communication | E16: IGCSE | F16: Counselor D | G16: 46089 | K16: 3 | L16: =IF(J16<>"","Enrolled",IF(I16<>"","Admitted",IF(H16<>"","Applied",IF(G16<>"","Contacted","New")))) -> Contacted | M16: =IF(G16="","",G16-B16) -> 3 | N16: =IF(COUNTIF($A$2:A16,A16)>1,"Duplicate ID",IF(C16="","Missing source",IF(OR(AND(G16<>"",G16<B16),AND(H16<>"",H16<B16),AND(I16<>"",I16<H16),AND(J16<>"",J16<I16)),"Date error","OK"))) -> OK
A17: L1877 | B17: 46086 | C17: School Visit | D17: Engineering | E17: National (Thanaweya Amma) | F17: Counselor C | G17: 46087 | K17: 1 | L17: =IF(J17<>"","Enrolled",IF(I17<>"","Admitted",IF(H17<>"","Applied",IF(G17<>"","Contacted","New")))) -> Contacted | M17: =IF(G17="","",G17-B17) -> 1 | N17: =IF(COUNTIF($A$2:A17,A17)>1,"Duplicate ID",IF(C17="","Missing source",IF(OR(AND(G17<>"",G17<B17),AND(H17<>"",H17<B17),AND(I17<>"",I17<H17),AND(J17<>"",J17<I17)),"Date error","OK"))) -> OK
A18: L2078 | B18: 46086 | C18: Website Organic | D18: Health Sciences | E18: National (Thanaweya Amma) | F18: Counselor C | G18: 46087 | K18: 6 | L18: =IF(J18<>"","Enrolled",IF(I18<>"","Admitted",IF(H18<>"","Applied",IF(G18<>"","Contacted","New")))) -> Contacted | M18: =IF(G18="","",G18-B18) -> 1 | N18: =IF(COUNTIF($A$2:A18,A18)>1,"Duplicate ID",IF(C18="","Missing source",IF(OR(AND(G18<>"",G18<B18),AND(H18<>"",H18<B18),AND(I18<>"",I18<H18),AND(J18<>"",J18<I18)),"Date error","OK"))) -> OK
A19: L1024 | B19: 46087 | C19: Referral | D19: Mass Communication | E19: IB | F19: Counselor E | G19: 46095 | K19: 4 | L19: =IF(J19<>"","Enrolled",IF(I19<>"","Admitted",IF(H19<>"","Applied",IF(G19<>"","Contacted","New")))) -> Contacted | M19: =IF(G19="","",G19-B19) -> 8 | N19: =IF(COUNTIF($A$2:A19,A19)>1,"Duplicate ID",IF(C19="","Missing source",IF(OR(AND(G19<>"",G19<B19),AND(H19<>"",H19<B19),AND(I19<>"",I19<H19),AND(J19<>"",J19<I19)),"Date error","OK"))) -> OK
A20: L1085 | B20: 46087 | C20: Meta Ads | D20: Engineering | E20: American Diploma | F20: Counselor B | G20: 46090 | K20: 1 | L20: =IF(J20<>"","Enrolled",IF(I20<>"","Admitted",IF(H20<>"","Applied",IF(G20<>"","Contacted","New")))) -> Contacted | M20: =IF(G20="","",G20-B20) -> 3 | N20: =IF(COUNTIF($A$2:A20,A20)>1,"Duplicate ID",IF(C20="","Missing source",IF(OR(AND(G20<>"",G20<B20),AND(H20<>"",H20<B20),AND(I20<>"",I20<H20),AND(J20<>"",J20<I20)),"Date error","OK"))) -> OK
A21: L1838 | B21: 46087 | C21: Meta Ads | D21: Computer Science | E21: National (Thanaweya Amma) | F21: Counselor B | G21: 46088 | K21: 4 | L21: =IF(J21<>"","Enrolled",IF(I21<>"","Admitted",IF(H21<>"","Applied",IF(G21<>"","Contacted","New")))) -> Contacted | M21: =IF(G21="","",G21-B21) -> 1 | N21: =IF(COUNTIF($A$2:A21,A21)>1,"Duplicate ID",IF(C21="","Missing source",IF(OR(AND(G21<>"",G21<B21),AND(H21<>"",H21<B21),AND(I21<>"",I21<H21),AND(J21<>"",J21<I21)),"Date error","OK"))) -> OK
A22: L1231 | B22: 46088 | C22: School Visit | D22: Computer Science | E22: IGCSE | F22: Counselor F | G22: 46089 | H22: 46109 | I22: 46122 | K22: 1 | L22: =IF(J22<>"","Enrolled",IF(I22<>"","Admitted",IF(H22<>"","Applied",IF(G22<>"","Contacted","New")))) -> Admitted | M22: =IF(G22="","",G22-B22) -> 1 | N22: =IF(COUNTIF($A$2:A22,A22)>1,"Duplicate ID",IF(C22="","Missing source",IF(OR(AND(G22<>"",G22<B22),AND(H22<>"",H22<B22),AND(I22<>"",I22<H22),AND(J22<>"",J22<I22)),"Date error","OK"))) -> OK
A23: L1268 | B23: 46088 | C23: Walk-in | D23: Health Sciences | E23: IGCSE | F23: Counselor E | G23: 46097 | H23: 46121 | K23: 3 | L23: =IF(J23<>"","Enrolled",IF(I23<>"","Admitted",IF(H23<>"","Applied",IF(G23<>"","Contacted","New")))) -> Applied | M23: =IF(G23="","",G23-B23) -> 9 | N23: =IF(COUNTIF($A$2:A23,A23)>1,"Duplicate ID",IF(C23="","Missing source",IF(OR(AND(G23<>"",G23<B23),AND(H23<>"",H23<B23),AND(I23<>"",I23<H23),AND(J23<>"",J23<I23)),"Date error","OK"))) -> OK
A24: L1303 | B24: 46089 | C24: Meta Ads | D24: Engineering | E24: Azhar/Other | F24: Counselor A | G24: 46089 | K24: 2 | L24: =IF(J24<>"","Enrolled",IF(I24<>"","Admitted",IF(H24<>"","Applied",IF(G24<>"","Contacted","New")))) -> Contacted | M24: =IF(G24="","",G24-B24) -> 0 | N24: =IF(COUNTIF($A$2:A24,A24)>1,"Duplicate ID",IF(C24="","Missing source",IF(OR(AND(G24<>"",G24<B24),AND(H24<>"",H24<B24),AND(I24<>"",I24<H24),AND(J24<>"",J24<I24)),"Date error","OK"))) -> OK
A25: L1713 | B25: 46089 | C25: Walk-in | D25: Business Administration | E25: National (Thanaweya Amma) | F25: Counselor D | G25: 46089 | H25: 46107 | K25: 3 | L25: =IF(J25<>"","Enrolled",IF(I25<>"","Admitted",IF(H25<>"","Applied",IF(G25<>"","Contacted","New")))) -> Applied | M25: =IF(G25="","",G25-B25) -> 0 | N25: =IF(COUNTIF($A$2:A25,A25)>1,"Duplicate ID",IF(C25="","Missing source",IF(OR(AND(G25<>"",G25<B25),AND(H25<>"",H25<B25),AND(I25<>"",I25<H25),AND(J25<>"",J25<I25)),"Date error","OK"))) -> OK
A26: L2018 | B26: 46089 | C26: Meta Ads | D26: Business Administration | E26: National (Thanaweya Amma) | F26: Counselor C | G26: 46090 | K26: 5 | L26: =IF(J26<>"","Enrolled",IF(I26<>"","Admitted",IF(H26<>"","Applied",IF(G26<>"","Contacted","New")))) -> Contacted | M26: =IF(G26="","",G26-B26) -> 1 | N26: =IF(COUNTIF($A$2:A26,A26)>1,"Duplicate ID",IF(C26="","Missing source",IF(OR(AND(G26<>"",G26<B26),AND(H26<>"",H26<B26),AND(I26<>"",I26<H26),AND(J26<>"",J26<I26)),"Date error","OK"))) -> OK
A27: L2339 | B27: 46089 | C27: Google Ads | D27: Engineering | E27: Azhar/Other | F27: Counselor C | G27: 46091 | K27: 3 | L27: =IF(J27<>"","Enrolled",IF(I27<>"","Admitted",IF(H27<>"","Applied",IF(G27<>"","Contacted","New")))) -> Contacted | M27: =IF(G27="","",G27-B27) -> 2 | N27: =IF(COUNTIF($A$2:A27,A27)>1,"Duplicate ID",IF(C27="","Missing source",IF(OR(AND(G27<>"",G27<B27),AND(H27<>"",H27<B27),AND(I27<>"",I27<H27),AND(J27<>"",J27<I27)),"Date error","OK"))) -> OK
A28: L1945 | B28: 46090 | C28: Education Fair | D28: Health Sciences | E28: IGCSE | F28: Counselor B | G28: 46090 | K28: 1 | L28: =IF(J28<>"","Enrolled",IF(I28<>"","Admitted",IF(H28<>"","Applied",IF(G28<>"","Contacted","New")))) -> Contacted | M28: =IF(G28="","",G28-B28) -> 0 | N28: =IF(COUNTIF($A$2:A28,A28)>1,"Duplicate ID",IF(C28="","Missing source",IF(OR(AND(G28<>"",G28<B28),AND(H28<>"",H28<B28),AND(I28<>"",I28<H28),AND(J28<>"",J28<I28)),"Date error","OK"))) -> OK
A29: L2028 | B29: 46090 | C29: School Visit | D29: Mass Communication | E29: IB | F29: Counselor F | G29: 46091 | K29: 2 | L29: =IF(J29<>"","Enrolled",IF(I29<>"","Admitted",IF(H29<>"","Applied",IF(G29<>"","Contacted","New")))) -> Contacted | M29: =IF(G29="","",G29-B29) -> 1 | N29: =IF(COUNTIF($A$2:A29,A29)>1,"Duplicate ID",IF(C29="","Missing source",IF(OR(AND(G29<>"",G29<B29),AND(H29<>"",H29<B29),AND(I29<>"",I29<H29),AND(J29<>"",J29<I29)),"Date error","OK"))) -> OK
A30: L2136 | B30: 46090 | C30: Meta Ads | D30: Business Administration | E30: American Diploma | F30: Counselor A | G30: 46091 | K30: 2 | L30: =IF(J30<>"","Enrolled",IF(I30<>"","Admitted",IF(H30<>"","Applied",IF(G30<>"","Contacted","New")))) -> Contacted | M30: =IF(G30="","",G30-B30) -> 1 | N30: =IF(COUNTIF($A$2:A30,A30)>1,"Duplicate ID",IF(C30="","Missing source",IF(OR(AND(G30<>"",G30<B30),AND(H30<>"",H30<B30),AND(I30<>"",I30<H30),AND(J30<>"",J30<I30)),"Date error","OK"))) -> OK
A31: L1168 | B31: 46091 | C31: Meta Ads | D31: Engineering | E31: Azhar/Other | F31: Counselor B | G31: 46092 | K31: 2 | L31: =IF(J31<>"","Enrolled",IF(I31<>"","Admitted",IF(H31<>"","Applied",IF(G31<>"","Contacted","New")))) -> Contacted | M31: =IF(G31="","",G31-B31) -> 1 | N31: =IF(COUNTIF($A$2:A31,A31)>1,"Duplicate ID",IF(C31="","Missing source",IF(OR(AND(G31<>"",G31<B31),AND(H31<>"",H31<B31),AND(I31<>"",I31<H31),AND(J31<>"",J31<I31)),"Date error","OK"))) -> OK
A32: L1404 | B32: 46091 | C32: Meta Ads | D32: Business Administration | E32: IB | F32: Counselor D | G32: 46093 | H32: 46103 | I32: 46112 | K32: 1 | L32: =IF(J32<>"","Enrolled",IF(I32<>"","Admitted",IF(H32<>"","Applied",IF(G32<>"","Contacted","New")))) -> Admitted | M32: =IF(G32="","",G32-B32) -> 2 | N32: =IF(COUNTIF($A$2:A32,A32)>1,"Duplicate ID",IF(C32="","Missing source",IF(OR(AND(G32<>"",G32<B32),AND(H32<>"",H32<B32),AND(I32<>"",I32<H32),AND(J32<>"",J32<I32)),"Date error","OK"))) -> OK
A33: L1702 | B33: 46091 | C33: Walk-in | D33: Business Administration | E33: National (Thanaweya Amma) | F33: Counselor E | G33: 46101 | K33: 2 | L33: =IF(J33<>"","Enrolled",IF(I33<>"","Admitted",IF(H33<>"","Applied",IF(G33<>"","Contacted","New")))) -> Contacted | M33: =IF(G33="","",G33-B33) -> 10 | N33: =IF(COUNTIF($A$2:A33,A33)>1,"Duplicate ID",IF(C33="","Missing source",IF(OR(AND(G33<>"",G33<B33),AND(H33<>"",H33<B33),AND(I33<>"",I33<H33),AND(J33<>"",J33<I33)),"Date error","OK"))) -> OK
A34: L2159 | B34: 46091 | C34: Meta Ads | D34: Business Administration | E34: National (Thanaweya Amma) | F34: Counselor B | G34: 46092 | K34: 3 | L34: =IF(J34<>"","Enrolled",IF(I34<>"","Admitted",IF(H34<>"","Applied",IF(G34<>"","Contacted","New")))) -> Contacted | M34: =IF(G34="","",G34-B34) -> 1 | N34: =IF(COUNTIF($A$2:A34,A34)>1,"Duplicate ID",IF(C34="","Missing source",IF(OR(AND(G34<>"",G34<B34),AND(H34<>"",H34<B34),AND(I34<>"",I34<H34),AND(J34<>"",J34<I34)),"Date error","OK"))) -> OK
A35: L2497 | B35: 46092 | C35: Referral | D35: Engineering | E35: National (Thanaweya Amma) | F35: Counselor C | G35: 46094 | K35: 3 | L35: =IF(J35<>"","Enrolled",IF(I35<>"","Admitted",IF(H35<>"","Applied",IF(G35<>"","Contacted","New")))) -> Contacted | M35: =IF(G35="","",G35-B35) -> 2 | N35: =IF(COUNTIF($A$2:A35,A35)>1,"Duplicate ID",IF(C35="","Missing source",IF(OR(AND(G35<>"",G35<B35),AND(H35<>"",H35<B35),AND(I35<>"",I35<H35),AND(J35<>"",J35<I35)),"Date error","OK"))) -> OK
A36: L2540 | B36: 46092 | C36: Meta Ads | D36: Business Administration | E36: National (Thanaweya Amma) | F36: Counselor B | G36: 46092 | K36: 1 | L36: =IF(J36<>"","Enrolled",IF(I36<>"","Admitted",IF(H36<>"","Applied",IF(G36<>"","Contacted","New")))) -> Contacted | M36: =IF(G36="","",G36-B36) -> 0 | N36: =IF(COUNTIF($A$2:A36,A36)>1,"Duplicate ID",IF(C36="","Missing source",IF(OR(AND(G36<>"",G36<B36),AND(H36<>"",H36<B36),AND(I36<>"",I36<H36),AND(J36<>"",J36<I36)),"Date error","OK"))) -> OK
A37: L1381 | B37: 46093 | C37: Referral | D37: Business Administration | E37: American Diploma | F37: Counselor D | G37: 46094 | K37: 5 | L37: =IF(J37<>"","Enrolled",IF(I37<>"","Admitted",IF(H37<>"","Applied",IF(G37<>"","Contacted","New")))) -> Contacted | M37: =IF(G37="","",G37-B37) -> 1 | N37: =IF(COUNTIF($A$2:A37,A37)>1,"Duplicate ID",IF(C37="","Missing source",IF(OR(AND(G37<>"",G37<B37),AND(H37<>"",H37<B37),AND(I37<>"",I37<H37),AND(J37<>"",J37<I37)),"Date error","OK"))) -> OK
A38: L1416 | B38: 46093 | C38: Google Ads | D38: Health Sciences | E38: American Diploma | F38: Counselor E | G38: 46099 | K38: 2 | L38: =IF(J38<>"","Enrolled",IF(I38<>"","Admitted",IF(H38<>"","Applied",IF(G38<>"","Contacted","New")))) -> Contacted | M38: =IF(G38="","",G38-B38) -> 6 | N38: =IF(COUNTIF($A$2:A38,A38)>1,"Duplicate ID",IF(C38="","Missing source",IF(OR(AND(G38<>"",G38<B38),AND(H38<>"",H38<B38),AND(I38<>"",I38<H38),AND(J38<>"",J38<I38)),"Date error","OK"))) -> OK
A39: L1974 | B39: 46093 | C39: Meta Ads | D39: Business Administration | E39: Azhar/Other | F39: Counselor D | G39: 46093 | K39: 3 | L39: =IF(J39<>"","Enrolled",IF(I39<>"","Admitted",IF(H39<>"","Applied",IF(G39<>"","Contacted","New")))) -> Contacted | M39: =IF(G39="","",G39-B39) -> 0 | N39: =IF(COUNTIF($A$2:A39,A39)>1,"Duplicate ID",IF(C39="","Missing source",IF(OR(AND(G39<>"",G39<B39),AND(H39<>"",H39<B39),AND(I39<>"",I39<H39),AND(J39<>"",J39<I39)),"Date error","OK"))) -> OK
A40: L1215 | B40: 46094 | C40: Meta Ads | D40: Computer Science | E40: National (Thanaweya Amma) | F40: Counselor A | G40: 46095 | K40: 0 | L40: =IF(J40<>"","Enrolled",IF(I40<>"","Admitted",IF(H40<>"","Applied",IF(G40<>"","Contacted","New")))) -> Contacted | M40: =IF(G40="","",G40-B40) -> 1 | N40: =IF(COUNTIF($A$2:A40,A40)>1,"Duplicate ID",IF(C40="","Missing source",IF(OR(AND(G40<>"",G40<B40),AND(H40<>"",H40<B40),AND(I40<>"",I40<H40),AND(J40<>"",J40<I40)),"Date error","OK"))) -> OK
A41: L1582 | B41: 46094 | D41: Engineering | E41: National (Thanaweya Amma) | F41: Counselor A | G41: 46094 | K41: 2 | L41: =IF(J41<>"","Enrolled",IF(I41<>"","Admitted",IF(H41<>"","Applied",IF(G41<>"","Contacted","New")))) -> Contacted | M41: =IF(G41="","",G41-B41) -> 0 | N41: =IF(COUNTIF($A$2:A41,A41)>1,"Duplicate ID",IF(C41="","Missing source",IF(OR(AND(G41<>"",G41<B41),AND(H41<>"",H41<B41),AND(I41<>"",I41<H41),AND(J41<>"",J41<I41)),"Date error","OK"))) -> Missing source
A42: L1666 | B42: 46094 | C42: Education Fair | D42: Business Administration | E42: IGCSE | F42: Counselor F | K42: 0 | L42: =IF(J42<>"","Enrolled",IF(I42<>"","Admitted",IF(H42<>"","Applied",IF(G42<>"","Contacted","New")))) -> New | M42: =IF(G42="","",G42-B42) | N42: =IF(COUNTIF($A$2:A42,A42)>1,"Duplicate ID",IF(C42="","Missing source",IF(OR(AND(G42<>"",G42<B42),AND(H42<>"",H42<B42),AND(I42<>"",I42<H42),AND(J42<>"",J42<I42)),"Date error","OK"))) -> OK
A43: L1715 | B43: 46094 | C43: Walk-in | D43: Health Sciences | E43: IGCSE | F43: Counselor C | G43: 46094 | K43: 3 | L43: =IF(J43<>"","Enrolled",IF(I43<>"","Admitted",IF(H43<>"","Applied",IF(G43<>"","Contacted","New")))) -> Contacted | M43: =IF(G43="","",G43-B43) -> 0 | N43: =IF(COUNTIF($A$2:A43,A43)>1,"Duplicate ID",IF(C43="","Missing source",IF(OR(AND(G43<>"",G43<B43),AND(H43<>"",H43<B43),AND(I43<>"",I43<H43),AND(J43<>"",J43<I43)),"Date error","OK"))) -> OK
A44: L1789 | B44: 46094 | C44: Referral | D44: Business Administration | E44: IGCSE | F44: Counselor C | G44: 46094 | H44: 46116 | I44: 46130 | K44: 5 | L44: =IF(J44<>"","Enrolled",IF(I44<>"","Admitted",IF(H44<>"","Applied",IF(G44<>"","Contacted","New")))) -> Admitted | M44: =IF(G44="","",G44-B44) -> 0 | N44: =IF(COUNTIF($A$2:A44,A44)>1,"Duplicate ID",IF(C44="","Missing source",IF(OR(AND(G44<>"",G44<B44),AND(H44<>"",H44<B44),AND(I44<>"",I44<H44),AND(J44<>"",J44<I44)),"Date error","OK"))) -> OK
A45: L2431 | B45: 46094 | C45: Education Fair | D45: Business Administration | E45: National (Thanaweya Amma) | F45: Counselor E | G45: 46097 | K45: 3 | L45: =IF(J45<>"","Enrolled",IF(I45<>"","Admitted",IF(H45<>"","Applied",IF(G45<>"","Contacted","New")))) -> Contacted | M45: =IF(G45="","",G45-B45) -> 3 | N45: =IF(COUNTIF($A$2:A45,A45)>1,"Duplicate ID",IF(C45="","Missing source",IF(OR(AND(G45<>"",G45<B45),AND(H45<>"",H45<B45),AND(I45<>"",I45<H45),AND(J45<>"",J45<I45)),"Date error","OK"))) -> OK
A46: L2467 | B46: 46094 | C46: Education Fair | D46: Business Administration | E46: National (Thanaweya Amma) | F46: Counselor F | G46: 46097 | H46: 46120 | I46: 46130 | K46: 3 | L46: =IF(J46<>"","Enrolled",IF(I46<>"","Admitted",IF(H46<>"","Applied",IF(G46<>"","Contacted","New")))) -> Admitted | M46: =IF(G46="","",G46-B46) -> 3 | N46: =IF(COUNTIF($A$2:A46,A46)>1,"Duplicate ID",IF(C46="","Missing source",IF(OR(AND(G46<>"",G46<B46),AND(H46<>"",H46<B46),AND(I46<>"",I46<H46),AND(J46<>"",J46<I46)),"Date error","OK"))) -> OK
A47: L2578 | B47: 46094 | C47: Meta Ads | D47: Business Administration | E47: National (Thanaweya Amma) | F47: Counselor A | G47: 46094 | K47: 1 | L47: =IF(J47<>"","Enrolled",IF(I47<>"","Admitted",IF(H47<>"","Applied",IF(G47<>"","Contacted","New")))) -> Contacted | M47: =IF(G47="","",G47-B47) -> 0 | N47: =IF(COUNTIF($A$2:A47,A47)>1,"Duplicate ID",IF(C47="","Missing source",IF(OR(AND(G47<>"",G47<B47),AND(H47<>"",H47<B47),AND(I47<>"",I47<H47),AND(J47<>"",J47<I47)),"Date error","OK"))) -> OK
A48: L1079 | B48: 46095 | C48: Education Fair | D48: Computer Science | E48: IGCSE | F48: Counselor A | G48: 46095 | H48: 46098 | K48: 2 | L48: =IF(J48<>"","Enrolled",IF(I48<>"","Admitted",IF(H48<>"","Applied",IF(G48<>"","Contacted","New")))) -> Applied | M48: =IF(G48="","",G48-B48) -> 0 | N48: =IF(COUNTIF($A$2:A48,A48)>1,"Duplicate ID",IF(C48="","Missing source",IF(OR(AND(G48<>"",G48<B48),AND(H48<>"",H48<B48),AND(I48<>"",I48<H48),AND(J48<>"",J48<I48)),"Date error","OK"))) -> OK
A49: L1246 | B49: 46095 | C49: Google Ads | D49: Health Sciences | E49: National (Thanaweya Amma) | F49: Counselor E | G49: 46095 | K49: 3 | L49: =IF(J49<>"","Enrolled",IF(I49<>"","Admitted",IF(H49<>"","Applied",IF(G49<>"","Contacted","New")))) -> Contacted | M49: =IF(G49="","",G49-B49) -> 0 | N49: =IF(COUNTIF($A$2:A49,A49)>1,"Duplicate ID",IF(C49="","Missing source",IF(OR(AND(G49<>"",G49<B49),AND(H49<>"",H49<B49),AND(I49<>"",I49<H49),AND(J49<>"",J49<I49)),"Date error","OK"))) -> OK
A50: L1355 | B50: 46095 | C50: Google Ads | D50: Health Sciences | E50: National (Thanaweya Amma) | F50: Counselor D | G50: 46096 | K50: 2 | L50: =IF(J50<>"","Enrolled",IF(I50<>"","Admitted",IF(H50<>"","Applied",IF(G50<>"","Contacted","New")))) -> Contacted | M50: =IF(G50="","",G50-B50) -> 1 | N50: =IF(COUNTIF($A$2:A50,A50)>1,"Duplicate ID",IF(C50="","Missing source",IF(OR(AND(G50<>"",G50<B50),AND(H50<>"",H50<B50),AND(I50<>"",I50<H50),AND(J50<>"",J50<I50)),"Date error","OK"))) -> OK
A51: L1116 | B51: 46096 | C51: Website Organic | D51: Engineering | E51: National (Thanaweya Amma) | F51: Counselor E | G51: 46100 | K51: 2 | L51: =IF(J51<>"","Enrolled",IF(I51<>"","Admitted",IF(H51<>"","Applied",IF(G51<>"","Contacted","New")))) -> Contacted | M51: =IF(G51="","",G51-B51) -> 4 | N51: =IF(COUNTIF($A$2:A51,A51)>1,"Duplicate ID",IF(C51="","Missing source",IF(OR(AND(G51<>"",G51<B51),AND(H51<>"",H51<B51),AND(I51<>"",I51<H51),AND(J51<>"",J51<I51)),"Date error","OK"))) -> OK
A52: L2380 | B52: 46096 | C52: Meta Ads | D52: Health Sciences | E52: National (Thanaweya Amma) | F52: Counselor D | G52: 46098 | K52: 3 | L52: =IF(J52<>"","Enrolled",IF(I52<>"","Admitted",IF(H52<>"","Applied",IF(G52<>"","Contacted","New")))) -> Contacted | M52: =IF(G52="","",G52-B52) -> 2 | N52: =IF(COUNTIF($A$2:A52,A52)>1,"Duplicate ID",IF(C52="","Missing source",IF(OR(AND(G52<>"",G52<B52),AND(H52<>"",H52<B52),AND(I52<>"",I52<H52),AND(J52<>"",J52<I52)),"Date error","OK"))) -> OK
A53: L2495 | B53: 46096 | C53: Education Fair | D53: Business Administration | E53: American Diploma | F53: Counselor B | G53: 46097 | H53: 46114 | I53: 46127 | J53: 46137 | K53: 2 | L53: =IF(J53<>"","Enrolled",IF(I53<>"","Admitted",IF(H53<>"","Applied",IF(G53<>"","Contacted","New")))) -> Enrolled | M53: =IF(G53="","",G53-B53) -> 1 | N53: =IF(COUNTIF($A$2:A53,A53)>1,"Duplicate ID",IF(C53="","Missing source",IF(OR(AND(G53<>"",G53<B53),AND(H53<>"",H53<B53),AND(I53<>"",I53<H53),AND(J53<>"",J53<I53)),"Date error","OK"))) -> OK
A54: L1620 | B54: 46097 | C54: Website Organic | D54: Engineering | E54: American Diploma | F54: Counselor D | G54: 46098 | K54: 1 | L54: =IF(J54<>"","Enrolled",IF(I54<>"","Admitted",IF(H54<>"","Applied",IF(G54<>"","Contacted","New")))) -> Contacted | M54: =IF(G54="","",G54-B54) -> 1 | N54: =IF(COUNTIF($A$2:A54,A54)>1,"Duplicate ID",IF(C54="","Missing source",IF(OR(AND(G54<>"",G54<B54),AND(H54<>"",H54<B54),AND(I54<>"",I54<H54),AND(J54<>"",J54<I54)),"Date error","OK"))) -> OK
A55: L2455 | B55: 46097 | C55: Google Ads | D55: Health Sciences | E55: National (Thanaweya Amma) | F55: Counselor F | G55: 46099 | K55: 0 | L55: =IF(J55<>"","Enrolled",IF(I55<>"","Admitted",IF(H55<>"","Applied",IF(G55<>"","Contacted","New")))) -> Contacted | M55: =IF(G55="","",G55-B55) -> 2 | N55: =IF(COUNTIF($A$2:A55,A55)>1,"Duplicate ID",IF(C55="","Missing source",IF(OR(AND(G55<>"",G55<B55),AND(H55<>"",H55<B55),AND(I55<>"",I55<H55),AND(J55<>"",J55<I55)),"Date error","OK"))) -> OK
A56: L2522 | B56: 46097 | C56: Education Fair | D56: Engineering | E56: IGCSE | F56: Counselor A | G56: 46099 | K56: 2 | L56: =IF(J56<>"","Enrolled",IF(I56<>"","Admitted",IF(H56<>"","Applied",IF(G56<>"","Contacted","New")))) -> Contacted | M56: =IF(G56="","",G56-B56) -> 2 | N56: =IF(COUNTIF($A$2:A56,A56)>1,"Duplicate ID",IF(C56="","Missing source",IF(OR(AND(G56<>"",G56<B56),AND(H56<>"",H56<B56),AND(I56<>"",I56<H56),AND(J56<>"",J56<I56)),"Date error","OK"))) -> OK
A57: L1405 | B57: 46098 | C57: Meta Ads | D57: Health Sciences | E57: American Diploma | F57: Counselor D | G57: 46099 | K57: 4 | L57: =IF(J57<>"","Enrolled",IF(I57<>"","Admitted",IF(H57<>"","Applied",IF(G57<>"","Contacted","New")))) -> Contacted | M57: =IF(G57="","",G57-B57) -> 1 | N57: =IF(COUNTIF($A$2:A57,A57)>1,"Duplicate ID",IF(C57="","Missing source",IF(OR(AND(G57<>"",G57<B57),AND(H57<>"",H57<B57),AND(I57<>"",I57<H57),AND(J57<>"",J57<I57)),"Date error","OK"))) -> OK
A58: L1769 | B58: 46098 | C58: Website Organic | D58: Engineering | E58: IB | F58: Counselor D | G58: 46101 | K58: 3 | L58: =IF(J58<>"","Enrolled",IF(I58<>"","Admitted",IF(H58<>"","Applied",IF(G58<>"","Contacted","New")))) -> Contacted | M58: =IF(G58="","",G58-B58) -> 3 | N58: =IF(COUNTIF($A$2:A58,A58)>1,"Duplicate ID",IF(C58="","Missing source",IF(OR(AND(G58<>"",G58<B58),AND(H58<>"",H58<B58),AND(I58<>"",I58<H58),AND(J58<>"",J58<I58)),"Date error","OK"))) -> OK
A59: L1963 | B59: 46098 | C59: Referral | D59: Mass Communication | E59: National (Thanaweya Amma) | F59: Counselor A | K59: 0 | L59: =IF(J59<>"","Enrolled",IF(I59<>"","Admitted",IF(H59<>"","Applied",IF(G59<>"","Contacted","New")))) -> New | M59: =IF(G59="","",G59-B59) | N59: =IF(COUNTIF($A$2:A59,A59)>1,"Duplicate ID",IF(C59="","Missing source",IF(OR(AND(G59<>"",G59<B59),AND(H59<>"",H59<B59),AND(I59<>"",I59<H59),AND(J59<>"",J59<I59)),"Date error","OK"))) -> OK
A60: L1964 | B60: 46098 | C60: Referral | D60: Engineering | E60: National (Thanaweya Amma) | F60: Counselor F | G60: 46099 | H60: 46117 | I60: 46131 | J60: 46165 | K60: 7 | L60: =IF(J60<>"","Enrolled",IF(I60<>"","Admitted",IF(H60<>"","Applied",IF(G60<>"","Contacted","New")))) -> Enrolled | M60: =IF(G60="","",G60-B60) -> 1 | N60: =IF(COUNTIF($A$2:A60,A60)>1,"Duplicate ID",IF(C60="","Missing source",IF(OR(AND(G60<>"",G60<B60),AND(H60<>"",H60<B60),AND(I60<>"",I60<H60),AND(J60<>"",J60<I60)),"Date error","OK"))) -> OK
A61: L2084 | B61: 46098 | C61: Walk-in | D61: Engineering | E61: National (Thanaweya Amma) | F61: Counselor E | G61: 46103 | H61: 46111 | I61: 46118 | J61: 46142 | K61: 4 | L61: =IF(J61<>"","Enrolled",IF(I61<>"","Admitted",IF(H61<>"","Applied",IF(G61<>"","Contacted","New")))) -> Enrolled | M61: =IF(G61="","",G61-B61) -> 5 | N61: =IF(COUNTIF($A$2:A61,A61)>1,"Duplicate ID",IF(C61="","Missing source",IF(OR(AND(G61<>"",G61<B61),AND(H61<>"",H61<B61),AND(I61<>"",I61<H61),AND(J61<>"",J61<I61)),"Date error","OK"))) -> OK
A62: L2441 | B62: 46098 | C62: Meta Ads | D62: Mass Communication | E62: National (Thanaweya Amma) | F62: Counselor A | G62: 46098 | H62: 46097 | I62: 46128 | K62: 2 | L62: =IF(J62<>"","Enrolled",IF(I62<>"","Admitted",IF(H62<>"","Applied",IF(G62<>"","Contacted","New")))) -> Admitted | M62: =IF(G62="","",G62-B62) -> 0 | N62: =IF(COUNTIF($A$2:A62,A62)>1,"Duplicate ID",IF(C62="","Missing source",IF(OR(AND(G62<>"",G62<B62),AND(H62<>"",H62<B62),AND(I62<>"",I62<H62),AND(J62<>"",J62<I62)),"Date error","OK"))) -> Date error
A63: L1271 | B63: 46099 | C63: Meta Ads | D63: Business Administration | E63: National (Thanaweya Amma) | F63: Counselor A | G63: 46099 | K63: 0 | L63: =IF(J63<>"","Enrolled",IF(I63<>"","Admitted",IF(H63<>"","Applied",IF(G63<>"","Contacted","New")))) -> Contacted | M63: =IF(G63="","",G63-B63) -> 0 | N63: =IF(COUNTIF($A$2:A63,A63)>1,"Duplicate ID",IF(C63="","Missing source",IF(OR(AND(G63<>"",G63<B63),AND(H63<>"",H63<B63),AND(I63<>"",I63<H63),AND(J63<>"",J63<I63)),"Date error","OK"))) -> OK
A64: L1384 | B64: 46099 | C64: Referral | D64: Health Sciences | E64: American Diploma | F64: Counselor E | K64: 0 | L64: =IF(J64<>"","Enrolled",IF(I64<>"","Admitted",IF(H64<>"","Applied",IF(G64<>"","Contacted","New")))) -> New | M64: =IF(G64="","",G64-B64) | N64: =IF(COUNTIF($A$2:A64,A64)>1,"Duplicate ID",IF(C64="","Missing source",IF(OR(AND(G64<>"",G64<B64),AND(H64<>"",H64<B64),AND(I64<>"",I64<H64),AND(J64<>"",J64<I64)),"Date error","OK"))) -> OK
A65: L2100 | B65: 46099 | C65: Website Organic | D65: Computer Science | E65: American Diploma | F65: Counselor B | G65: 46099 | K65: 4 | L65: =IF(J65<>"","Enrolled",IF(I65<>"","Admitted",IF(H65<>"","Applied",IF(G65<>"","Contacted","New")))) -> Contacted | M65: =IF(G65="","",G65-B65) -> 0 | N65: =IF(COUNTIF($A$2:A65,A65)>1,"Duplicate ID",IF(C65="","Missing source",IF(OR(AND(G65<>"",G65<B65),AND(H65<>"",H65<B65),AND(I65<>"",I65<H65),AND(J65<>"",J65<I65)),"Date error","OK"))) -> OK
A66: L2420 | B66: 46099 | C66: Google Ads | D66: Health Sciences | E66: IGCSE | F66: Counselor F | G66: 46101 | K66: 5 | L66: =IF(J66<>"","Enrolled",IF(I66<>"","Admitted",IF(H66<>"","Applied",IF(G66<>"","Contacted","New")))) -> Contacted | M66: =IF(G66="","",G66-B66) -> 2 | N66: =IF(COUNTIF($A$2:A66,A66)>1,"Duplicate ID",IF(C66="","Missing source",IF(OR(AND(G66<>"",G66<B66),AND(H66<>"",H66<B66),AND(I66<>"",I66<H66),AND(J66<>"",J66<I66)),"Date error","OK"))) -> OK
A67: L1310 | B67: 46100 | C67: Website Organic | D67: Computer Science | E67: IGCSE | F67: Counselor F | G67: 46101 | K67: 1 | L67: =IF(J67<>"","Enrolled",IF(I67<>"","Admitted",IF(H67<>"","Applied",IF(G67<>"","Contacted","New")))) -> Contacted | M67: =IF(G67="","",G67-B67) -> 1 | N67: =IF(COUNTIF($A$2:A67,A67)>1,"Duplicate ID",IF(C67="","Missing source",IF(OR(AND(G67<>"",G67<B67),AND(H67<>"",H67<B67),AND(I67<>"",I67<H67),AND(J67<>"",J67<I67)),"Date error","OK"))) -> OK
A68: L1835 | B68: 46100 | C68: Referral | D68: Mass Communication | E68: American Diploma | F68: Counselor C | G68: 46101 | K68: 3 | L68: =IF(J68<>"","Enrolled",IF(I68<>"","Admitted",IF(H68<>"","Applied",IF(G68<>"","Contacted","New")))) -> Contacted | M68: =IF(G68="","",G68-B68) -> 1 | N68: =IF(COUNTIF($A$2:A68,A68)>1,"Duplicate ID",IF(C68="","Missing source",IF(OR(AND(G68<>"",G68<B68),AND(H68<>"",H68<B68),AND(I68<>"",I68<H68),AND(J68<>"",J68<I68)),"Date error","OK"))) -> OK
A69: L2122 | B69: 46100 | C69: School Visit | D69: Health Sciences | E69: IGCSE | F69: Counselor A | G69: 46101 | K69: 3 | L69: =IF(J69<>"","Enrolled",IF(I69<>"","Admitted",IF(H69<>"","Applied",IF(G69<>"","Contacted","New")))) -> Contacted | M69: =IF(G69="","",G69-B69) -> 1 | N69: =IF(COUNTIF($A$2:A69,A69)>1,"Duplicate ID",IF(C69="","Missing source",IF(OR(AND(G69<>"",G69<B69),AND(H69<>"",H69<B69),AND(I69<>"",I69<H69),AND(J69<>"",J69<I69)),"Date error","OK"))) -> OK
A70: L2393 | B70: 46100 | C70: Meta Ads | D70: Health Sciences | E70: National (Thanaweya Amma) | F70: Counselor D | G70: 46100 | K70: 2 | L70: =IF(J70<>"","Enrolled",IF(I70<>"","Admitted",IF(H70<>"","Applied",IF(G70<>"","Contacted","New")))) -> Contacted | M70: =IF(G70="","",G70-B70) -> 0 | N70: =IF(COUNTIF($A$2:A70,A70)>1,"Duplicate ID",IF(C70="","Missing source",IF(OR(AND(G70<>"",G70<B70),AND(H70<>"",H70<B70),AND(I70<>"",I70<H70),AND(J70<>"",J70<I70)),"Date error","OK"))) -> OK
A71: L2413 | B71: 46100 | C71: Meta Ads | D71: Business Administration | E71: National (Thanaweya Amma) | F71: Counselor A | G71: 46100 | K71: 1 | L71: =IF(J71<>"","Enrolled",IF(I71<>"","Admitted",IF(H71<>"","Applied",IF(G71<>"","Contacted","New")))) -> Contacted | M71: =IF(G71="","",G71-B71) -> 0 | N71: =IF(COUNTIF($A$2:A71,A71)>1,"Duplicate ID",IF(C71="","Missing source",IF(OR(AND(G71<>"",G71<B71),AND(H71<>"",H71<B71),AND(I71<>"",I71<H71),AND(J71<>"",J71<I71)),"Date error","OK"))) -> OK
A72: L1825 | B72: 46101 | C72: Education Fair | D72: Business Administration | E72: National (Thanaweya Amma) | F72: Counselor C | G72: 46104 | K72: 1 | L72: =IF(J72<>"","Enrolled",IF(I72<>"","Admitted",IF(H72<>"","Applied",IF(G72<>"","Contacted","New")))) -> Contacted | M72: =IF(G72="","",G72-B72) -> 3 | N72: =IF(COUNTIF($A$2:A72,A72)>1,"Duplicate ID",IF(C72="","Missing source",IF(OR(AND(G72<>"",G72<B72),AND(H72<>"",H72<B72),AND(I72<>"",I72<H72),AND(J72<>"",J72<I72)),"Date error","OK"))) -> OK
A73: L1850 | B73: 46101 | C73: School Visit | D73: Computer Science | E73: National (Thanaweya Amma) | F73: Counselor D | G73: 46102 | K73: 5 | L73: =IF(J73<>"","Enrolled",IF(I73<>"","Admitted",IF(H73<>"","Applied",IF(G73<>"","Contacted","New")))) -> Contacted | M73: =IF(G73="","",G73-B73) -> 1 | N73: =IF(COUNTIF($A$2:A73,A73)>1,"Duplicate ID",IF(C73="","Missing source",IF(OR(AND(G73<>"",G73<B73),AND(H73<>"",H73<B73),AND(I73<>"",I73<H73),AND(J73<>"",J73<I73)),"Date error","OK"))) -> OK
A74: L2279 | B74: 46101 | C74: Website Organic | D74: Business Administration | E74: IGCSE | F74: Counselor E | G74: 46101 | K74: 0 | L74: =IF(J74<>"","Enrolled",IF(I74<>"","Admitted",IF(H74<>"","Applied",IF(G74<>"","Contacted","New")))) -> Contacted | M74: =IF(G74="","",G74-B74) -> 0 | N74: =IF(COUNTIF($A$2:A74,A74)>1,"Duplicate ID",IF(C74="","Missing source",IF(OR(AND(G74<>"",G74<B74),AND(H74<>"",H74<B74),AND(I74<>"",I74<H74),AND(J74<>"",J74<I74)),"Date error","OK"))) -> OK
A75: L2051 | B75: 46102 | C75: Education Fair | D75: Mass Communication | E75: National (Thanaweya Amma) | F75: Counselor C | G75: 46103 | K75: 2 | L75: =IF(J75<>"","Enrolled",IF(I75<>"","Admitted",IF(H75<>"","Applied",IF(G75<>"","Contacted","New")))) -> Contacted | M75: =IF(G75="","",G75-B75) -> 1 | N75: =IF(COUNTIF($A$2:A75,A75)>1,"Duplicate ID",IF(C75="","Missing source",IF(OR(AND(G75<>"",G75<B75),AND(H75<>"",H75<B75),AND(I75<>"",I75<H75),AND(J75<>"",J75<I75)),"Date error","OK"))) -> OK
A76: L2163 | B76: 46102 | C76: Google Ads | D76: Engineering | E76: IGCSE | F76: Counselor C | G76: 46104 | K76: 2 | L76: =IF(J76<>"","Enrolled",IF(I76<>"","Admitted",IF(H76<>"","Applied",IF(G76<>"","Contacted","New")))) -> Contacted | M76: =IF(G76="","",G76-B76) -> 2 | N76: =IF(COUNTIF($A$2:A76,A76)>1,"Duplicate ID",IF(C76="","Missing source",IF(OR(AND(G76<>"",G76<B76),AND(H76<>"",H76<B76),AND(I76<>"",I76<H76),AND(J76<>"",J76<I76)),"Date error","OK"))) -> OK
A77: L2521 | B77: 46102 | C77: School Visit | D77: Engineering | E77: American Diploma | F77: Counselor F | G77: 46102 | K77: 2 | L77: =IF(J77<>"","Enrolled",IF(I77<>"","Admitted",IF(H77<>"","Applied",IF(G77<>"","Contacted","New")))) -> Contacted | M77: =IF(G77="","",G77-B77) -> 0 | N77: =IF(COUNTIF($A$2:A77,A77)>1,"Duplicate ID",IF(C77="","Missing source",IF(OR(AND(G77<>"",G77<B77),AND(H77<>"",H77<B77),AND(I77<>"",I77<H77),AND(J77<>"",J77<I77)),"Date error","OK"))) -> OK
A78: L2556 | B78: 46102 | C78: Website Organic | D78: Business Administration | E78: National (Thanaweya Amma) | F78: Counselor D | K78: 0 | L78: =IF(J78<>"","Enrolled",IF(I78<>"","Admitted",IF(H78<>"","Applied",IF(G78<>"","Contacted","New")))) -> New | M78: =IF(G78="","",G78-B78) | N78: =IF(COUNTIF($A$2:A78,A78)>1,"Duplicate ID",IF(C78="","Missing source",IF(OR(AND(G78<>"",G78<B78),AND(H78<>"",H78<B78),AND(I78<>"",I78<H78),AND(J78<>"",J78<I78)),"Date error","OK"))) -> OK
A79: L1166 | B79: 46103 | C79: Google Ads | D79: Engineering | E79: National (Thanaweya Amma) | F79: Counselor D | G79: 46103 | K79: 3 | L79: =IF(J79<>"","Enrolled",IF(I79<>"","Admitted",IF(H79<>"","Applied",IF(G79<>"","Contacted","New")))) -> Contacted | M79: =IF(G79="","",G79-B79) -> 0 | N79: =IF(COUNTIF($A$2:A79,A79)>1,"Duplicate ID",IF(C79="","Missing source",IF(OR(AND(G79<>"",G79<B79),AND(H79<>"",H79<B79),AND(I79<>"",I79<H79),AND(J79<>"",J79<I79)),"Date error","OK"))) -> OK
A80: L2033 | B80: 46103 | C80: Google Ads | D80: Engineering | E80: American Diploma | F80: Counselor F | G80: 46105 | K80: 2 | L80: =IF(J80<>"","Enrolled",IF(I80<>"","Admitted",IF(H80<>"","Applied",IF(G80<>"","Contacted","New")))) -> Contacted | M80: =IF(G80="","",G80-B80) -> 2 | N80: =IF(COUNTIF($A$2:A80,A80)>1,"Duplicate ID",IF(C80="","Missing source",IF(OR(AND(G80<>"",G80<B80),AND(H80<>"",H80<B80),AND(I80<>"",I80<H80),AND(J80<>"",J80<I80)),"Date error","OK"))) -> OK
A81: L1409 | B81: 46104 | C81: Referral | D81: Computer Science | E81: American Diploma | F81: Counselor B | G81: 46105 | H81: 46129 | I81: 46134 | J81: 46153 | K81: 2 | L81: =IF(J81<>"","Enrolled",IF(I81<>"","Admitted",IF(H81<>"","Applied",IF(G81<>"","Contacted","New")))) -> Enrolled | M81: =IF(G81="","",G81-B81) -> 1 | N81: =IF(COUNTIF($A$2:A81,A81)>1,"Duplicate ID",IF(C81="","Missing source",IF(OR(AND(G81<>"",G81<B81),AND(H81<>"",H81<B81),AND(I81<>"",I81<H81),AND(J81<>"",J81<I81)),"Date error","OK"))) -> OK
A82: L1578 | B82: 46104 | C82: Meta Ads | D82: Engineering | E82: American Diploma | F82: Counselor F | K82: 0 | L82: =IF(J82<>"","Enrolled",IF(I82<>"","Admitted",IF(H82<>"","Applied",IF(G82<>"","Contacted","New")))) -> New | M82: =IF(G82="","",G82-B82) | N82: =IF(COUNTIF($A$2:A82,A82)>1,"Duplicate ID",IF(C82="","Missing source",IF(OR(AND(G82<>"",G82<B82),AND(H82<>"",H82<B82),AND(I82<>"",I82<H82),AND(J82<>"",J82<I82)),"Date error","OK"))) -> OK
A83: L1791 | B83: 46104 | C83: Referral | D83: Engineering | E83: National (Thanaweya Amma) | F83: Counselor E | K83: 0 | L83: =IF(J83<>"","Enrolled",IF(I83<>"","Admitted",IF(H83<>"","Applied",IF(G83<>"","Contacted","New")))) -> New | M83: =IF(G83="","",G83-B83) | N83: =IF(COUNTIF($A$2:A83,A83)>1,"Duplicate ID",IF(C83="","Missing source",IF(OR(AND(G83<>"",G83<B83),AND(H83<>"",H83<B83),AND(I83<>"",I83<H83),AND(J83<>"",J83<I83)),"Date error","OK"))) -> OK
A84: L2438 | B84: 46104 | C84: Website Organic | D84: Computer Science | E84: American Diploma | F84: Counselor F | G84: 46107 | H84: 46117 | I84: 46125 | J84: 46157 | K84: 0 | L84: =IF(J84<>"","Enrolled",IF(I84<>"","Admitted",IF(H84<>"","Applied",IF(G84<>"","Contacted","New")))) -> Enrolled | M84: =IF(G84="","",G84-B84) -> 3 | N84: =IF(COUNTIF($A$2:A84,A84)>1,"Duplicate ID",IF(C84="","Missing source",IF(OR(AND(G84<>"",G84<B84),AND(H84<>"",H84<B84),AND(I84<>"",I84<H84),AND(J84<>"",J84<I84)),"Date error","OK"))) -> OK
A85: L1067 | B85: 46105 | C85: Website Organic | D85: Mass Communication | E85: National (Thanaweya Amma) | F85: Counselor B | K85: 0 | L85: =IF(J85<>"","Enrolled",IF(I85<>"","Admitted",IF(H85<>"","Applied",IF(G85<>"","Contacted","New")))) -> New | M85: =IF(G85="","",G85-B85) | N85: =IF(COUNTIF($A$2:A85,A85)>1,"Duplicate ID",IF(C85="","Missing source",IF(OR(AND(G85<>"",G85<B85),AND(H85<>"",H85<B85),AND(I85<>"",I85<H85),AND(J85<>"",J85<I85)),"Date error","OK"))) -> OK
A86: L1207 | B86: 46105 | C86: Website Organic | D86: Mass Communication | E86: National (Thanaweya Amma) | F86: Counselor D | G86: 46105 | K86: 4 | L86: =IF(J86<>"","Enrolled",IF(I86<>"","Admitted",IF(H86<>"","Applied",IF(G86<>"","Contacted","New")))) -> Contacted | M86: =IF(G86="","",G86-B86) -> 0 | N86: =IF(COUNTIF($A$2:A86,A86)>1,"Duplicate ID",IF(C86="","Missing source",IF(OR(AND(G86<>"",G86<B86),AND(H86<>"",H86<B86),AND(I86<>"",I86<H86),AND(J86<>"",J86<I86)),"Date error","OK"))) -> OK
A87: L1843 | B87: 46105 | C87: Google Ads | D87: Health Sciences | E87: IB | F87: Counselor F | G87: 46105 | K87: 4 | L87: =IF(J87<>"","Enrolled",IF(I87<>"","Admitted",IF(H87<>"","Applied",IF(G87<>"","Contacted","New")))) -> Contacted | M87: =IF(G87="","",G87-B87) -> 0 | N87: =IF(COUNTIF($A$2:A87,A87)>1,"Duplicate ID",IF(C87="","Missing source",IF(OR(AND(G87<>"",G87<B87),AND(H87<>"",H87<B87),AND(I87<>"",I87<H87),AND(J87<>"",J87<I87)),"Date error","OK"))) -> OK
A88: L1927 | B88: 46105 | C88: Meta Ads | D88: Engineering | E88: Azhar/Other | F88: Counselor F | K88: 0 | L88: =IF(J88<>"","Enrolled",IF(I88<>"","Admitted",IF(H88<>"","Applied",IF(G88<>"","Contacted","New")))) -> New | M88: =IF(G88="","",G88-B88) | N88: =IF(COUNTIF($A$2:A88,A88)>1,"Duplicate ID",IF(C88="","Missing source",IF(OR(AND(G88<>"",G88<B88),AND(H88<>"",H88<B88),AND(I88<>"",I88<H88),AND(J88<>"",J88<I88)),"Date error","OK"))) -> OK
A89: L2272 | B89: 46105 | C89: Meta Ads | D89: Health Sciences | E89: American Diploma | F89: Counselor B | G89: 46107 | K89: 3 | L89: =IF(J89<>"","Enrolled",IF(I89<>"","Admitted",IF(H89<>"","Applied",IF(G89<>"","Contacted","New")))) -> Contacted | M89: =IF(G89="","",G89-B89) -> 2 | N89: =IF(COUNTIF($A$2:A89,A89)>1,"Duplicate ID",IF(C89="","Missing source",IF(OR(AND(G89<>"",G89<B89),AND(H89<>"",H89<B89),AND(I89<>"",I89<H89),AND(J89<>"",J89<I89)),"Date error","OK"))) -> OK
A90: L2421 | B90: 46105 | C90: Meta Ads | D90: Computer Science | E90: National (Thanaweya Amma) | F90: Counselor B | G90: 46106 | K90: 4 | L90: =IF(J90<>"","Enrolled",IF(I90<>"","Admitted",IF(H90<>"","Applied",IF(G90<>"","Contacted","New")))) -> Contacted | M90: =IF(G90="","",G90-B90) -> 1 | N90: =IF(COUNTIF($A$2:A90,A90)>1,"Duplicate ID",IF(C90="","Missing source",IF(OR(AND(G90<>"",G90<B90),AND(H90<>"",H90<B90),AND(I90<>"",I90<H90),AND(J90<>"",J90<I90)),"Date error","OK"))) -> OK
A91: L2460 | B91: 46105 | C91: Referral | D91: Health Sciences | E91: American Diploma | F91: Counselor C | G91: 46106 | K91: 3 | L91: =IF(J91<>"","Enrolled",IF(I91<>"","Admitted",IF(H91<>"","Applied",IF(G91<>"","Contacted","New")))) -> Contacted | M91: =IF(G91="","",G91-B91) -> 1 | N91: =IF(COUNTIF($A$2:A91,A91)>1,"Duplicate ID",IF(C91="","Missing source",IF(OR(AND(G91<>"",G91<B91),AND(H91<>"",H91<B91),AND(I91<>"",I91<H91),AND(J91<>"",J91<I91)),"Date error","OK"))) -> OK
A92: L2480 | B92: 46105 | C92: School Visit | D92: Engineering | E92: American Diploma | F92: Counselor E | G92: 46109 | K92: 3 | L92: =IF(J92<>"","Enrolled",IF(I92<>"","Admitted",IF(H92<>"","Applied",IF(G92<>"","Contacted","New")))) -> Contacted | M92: =IF(G92="","",G92-B92) -> 4 | N92: =IF(COUNTIF($A$2:A92,A92)>1,"Duplicate ID",IF(C92="","Missing source",IF(OR(AND(G92<>"",G92<B92),AND(H92<>"",H92<B92),AND(I92<>"",I92<H92),AND(J92<>"",J92<I92)),"Date error","OK"))) -> OK
A93: L2215 | B93: 46106 | C93: Meta Ads | D93: Health Sciences | E93: IGCSE | F93: Counselor D | G93: 46107 | K93: 2 | L93: =IF(J93<>"","Enrolled",IF(I93<>"","Admitted",IF(H93<>"","Applied",IF(G93<>"","Contacted","New")))) -> Contacted | M93: =IF(G93="","",G93-B93) -> 1 | N93: =IF(COUNTIF($A$2:A93,A93)>1,"Duplicate ID",IF(C93="","Missing source",IF(OR(AND(G93<>"",G93<B93),AND(H93<>"",H93<B93),AND(I93<>"",I93<H93),AND(J93<>"",J93<I93)),"Date error","OK"))) -> OK
A94: L2363 | B94: 46106 | C94: Referral | D94: Health Sciences | E94: Azhar/Other | F94: Counselor B | G94: 46106 | H94: 46123 | I94: 46134 | J94: 46168 | K94: 3 | L94: =IF(J94<>"","Enrolled",IF(I94<>"","Admitted",IF(H94<>"","Applied",IF(G94<>"","Contacted","New")))) -> Enrolled | M94: =IF(G94="","",G94-B94) -> 0 | N94: =IF(COUNTIF($A$2:A94,A94)>1,"Duplicate ID",IF(C94="","Missing source",IF(OR(AND(G94<>"",G94<B94),AND(H94<>"",H94<B94),AND(I94<>"",I94<H94),AND(J94<>"",J94<I94)),"Date error","OK"))) -> OK
A95: L1248 | B95: 46107 | C95: Google Ads | D95: Engineering | E95: National (Thanaweya Amma) | F95: Counselor B | G95: 46108 | K95: 3 | L95: =IF(J95<>"","Enrolled",IF(I95<>"","Admitted",IF(H95<>"","Applied",IF(G95<>"","Contacted","New")))) -> Contacted | M95: =IF(G95="","",G95-B95) -> 1 | N95: =IF(COUNTIF($A$2:A95,A95)>1,"Duplicate ID",IF(C95="","Missing source",IF(OR(AND(G95<>"",G95<B95),AND(H95<>"",H95<B95),AND(I95<>"",I95<H95),AND(J95<>"",J95<I95)),"Date error","OK"))) -> OK
A96: L1485 | B96: 46107 | C96: School Visit | D96: Computer Science | E96: National (Thanaweya Amma) | F96: Counselor A | G96: 46107 | K96: 3 | L96: =IF(J96<>"","Enrolled",IF(I96<>"","Admitted",IF(H96<>"","Applied",IF(G96<>"","Contacted","New")))) -> Contacted | M96: =IF(G96="","",G96-B96) -> 0 | N96: =IF(COUNTIF($A$2:A96,A96)>1,"Duplicate ID",IF(C96="","Missing source",IF(OR(AND(G96<>"",G96<B96),AND(H96<>"",H96<B96),AND(I96<>"",I96<H96),AND(J96<>"",J96<I96)),"Date error","OK"))) -> OK
A97: L1505 | B97: 46107 | C97: Referral | D97: Engineering | E97: National (Thanaweya Amma) | F97: Counselor B | G97: 46107 | K97: 3 | L97: =IF(J97<>"","Enrolled",IF(I97<>"","Admitted",IF(H97<>"","Applied",IF(G97<>"","Contacted","New")))) -> Contacted | M97: =IF(G97="","",G97-B97) -> 0 | N97: =IF(COUNTIF($A$2:A97,A97)>1,"Duplicate ID",IF(C97="","Missing source",IF(OR(AND(G97<>"",G97<B97),AND(H97<>"",H97<B97),AND(I97<>"",I97<H97),AND(J97<>"",J97<I97)),"Date error","OK"))) -> OK
A98: L2068 | B98: 46107 | C98: Referral | D98: Health Sciences | E98: National (Thanaweya Amma) | F98: Counselor B | G98: 46109 | H98: 46134 | K98: 4 | L98: =IF(J98<>"","Enrolled",IF(I98<>"","Admitted",IF(H98<>"","Applied",IF(G98<>"","Contacted","New")))) -> Applied | M98: =IF(G98="","",G98-B98) -> 2 | N98: =IF(COUNTIF($A$2:A98,A98)>1,"Duplicate ID",IF(C98="","Missing source",IF(OR(AND(G98<>"",G98<B98),AND(H98<>"",H98<B98),AND(I98<>"",I98<H98),AND(J98<>"",J98<I98)),"Date error","OK"))) -> OK
A99: L2506 | B99: 46107 | C99: Walk-in | D99: Computer Science | E99: Azhar/Other | F99: Counselor F | G99: 46108 | H99: 46133 | I99: 46140 | K99: 3 | L99: =IF(J99<>"","Enrolled",IF(I99<>"","Admitted",IF(H99<>"","Applied",IF(G99<>"","Contacted","New")))) -> Admitted | M99: =IF(G99="","",G99-B99) -> 1 | N99: =IF(COUNTIF($A$2:A99,A99)>1,"Duplicate ID",IF(C99="","Missing source",IF(OR(AND(G99<>"",G99<B99),AND(H99<>"",H99<B99),AND(I99<>"",I99<H99),AND(J99<>"",J99<I99)),"Date error","OK"))) -> OK
A100: L2519 | B100: 46107 | C100: Google Ads | D100: Business Administration | E100: National (Thanaweya Amma) | F100: Counselor C | G100: 46108 | K100: 4 | L100: =IF(J100<>"","Enrolled",IF(I100<>"","Admitted",IF(H100<>"","Applied",IF(G100<>"","Contacted","New")))) -> Contacted | M100: =IF(G100="","",G100-B100) -> 1 | N100: =IF(COUNTIF($A$2:A100,A100)>1,"Duplicate ID",IF(C100="","Missing source",IF(OR(AND(G100<>"",G100<B100),AND(H100<>"",H100<B100),AND(I100<>"",I100<H100),AND(J100<>"",J100<I100)),"Date error","OK"))) -> OK
...

Sheet Data_Quality
A1: Flag | B1: Records | C1: % of raw rows | D1: Rule
A2: OK | B2: =COUNTIF(Data!$N$2:$N$5000,A2) -> 1593 | C2: =IFERROR(B2/$B$8,0) -> 0.99252336 | D2: Used in every dashboard number
A3: Duplicate ID | B3: =COUNTIF(Data!$N$2:$N$5000,A3) -> 5 | C3: =IFERROR(B3/$B$8,0) -> 0.0031152648 | D3: lead_id already appeared on an earlier row (first occurrence kept)
A4: Missing source | B4: =COUNTIF(Data!$N$2:$N$5000,A4) -> 3 | C4: =IFERROR(B4/$B$8,0) -> 0.0018691589 | D4: Lead source is blank, so it cannot be attributed to a channel
A5: Date error | B5: =COUNTIF(Data!$N$2:$N$5000,A5) -> 4 | C5: =IFERROR(B5/$B$8,0) -> 0.0024922118 | D5: A stage date is earlier than the stage before it (e.g. application before lead creation)
A7: Excluded (total) | B7: =SUM(B3:B5) -> 12 | C7: =IFERROR(B7/$B$8,0) -> 0.0074766355 | D7: Records removed from the dashboard pending review
A8: Raw rows | B8: =COUNTA(Data!$A$2:$A$5000) -> 1605 | C8: =IFERROR(B8/$B$8,0) -> 1 | D8: All rows in the Data sheet
A9: Check | B9: =IF(B2+B7=B8,"Reconciles","CHECK") -> Reconciles | D9: OK + excluded must equal raw rows
A11: To review flagged rows: Data sheet > filter column N (dq_flag) > uncheck OK.

Sheet About
B1: Enrollment Funnel Dashboard (Excel)
B2: Purpose: portfolio project built for a Data Analyst application in a university enrollment team. Tracks lead → contacted → applied → admitted → enrolled.
B4: DATA
B5: • Fully SYNTHETIC: generated with a fixed random seed. No real students, schools or university records. Do not present it as real enrollment data.
B6: • 1,605 raw rows (1,600 leads + 5 deliberately duplicated rows) with 3 missing sources and 4 date errors injected to demonstrate data-quality handling.
B7: • Source-level conversion rates, counselor speeds and program admit rates are assumptions of the generator, chosen to look plausible. Findings describe this synthetic dataset only.
B8: • Snapshot date 30-Aug-2026: stage dates after this are blank, so recent leads have not had time to convert.
B10: DEFINITIONS
B11: • Lead → App % = applications / leads · App → Enrolled % = enrolled / applications · Lead → Enrolled % = enrolled / leads.
B12: • Days to first contact = first_contact_date − created_date (contacted leads only).
B13: • Stage (Data!L) = furthest stage reached, derived from which date columns are filled.
B15: HOW IT WORKS
... B18: • Forecast is a naive linear trend for illustration; it does not model seasonality.
